<?xml version="1.0" standalone="yes"?>
<NewDataSet>
  <tblReport>
    <RepCode>1</RepCode>
    <Report_Name>Party Master</Report_Name>
    <Rep_SrNo>2</Rep_SrNo>
    <Query_String>Select * From tblParty_Master As A</Query_String>
    <Where_String />
    <Order_By_String>A.Party_Name ASC</Order_By_String>
    <IsDt>false</IsDt>
    <IsTime>false</IsTime>
    <IsParty>true</IsParty>
    <IsSupplier>false</IsSupplier>
    <IsItem>false</IsItem>
    <IsVehicle>false</IsVehicle>
    <IsField01>false</IsField01>
    <IsField02>false</IsField02>
    <IsField03>false</IsField03>
    <IsField04>false</IsField04>
    <IsField05>false</IsField05>
    <IsField06>false</IsField06>
    <IsPcs>false</IsPcs>
    <IsTicket_No>false</IsTicket_No>
    <IsPayMode>false</IsPayMode>
    <IsTicket_Status>false</IsTicket_Status>
    <IsUser>false</IsUser>
    <IsBatch>false</IsBatch>
    <IsAudit>false</IsAudit>
    <IsExport>false</IsExport>
    <View_Both_Export>0</View_Both_Export>
    <IsExport_Header>false</IsExport_Header>
    <CoCode>1</CoCode>
    <YearID>2021</YearID>
    <UserID>101</UserID>
    <EntryDate>2021-07-08T00:00:00+05:30</EntryDate>
    <UpdateDate>2021-07-08T00:00:00+05:30</UpdateDate>
  </tblReport>
  <tblReport>
    <RepCode>2</RepCode>
    <Report_Name>Supplier Master</Report_Name>
    <Rep_SrNo>3</Rep_SrNo>
    <Query_String>Select * From tblSupplier_Master As A</Query_String>
    <Where_String />
    <Order_By_String>A.Supplier_Name ASC</Order_By_String>
    <IsDt>false</IsDt>
    <IsTime>false</IsTime>
    <IsParty>false</IsParty>
    <IsSupplier>true</IsSupplier>
    <IsItem>false</IsItem>
    <IsVehicle>false</IsVehicle>
    <IsField01>false</IsField01>
    <IsField02>false</IsField02>
    <IsField03>false</IsField03>
    <IsField04>false</IsField04>
    <IsField05>false</IsField05>
    <IsField06>false</IsField06>
    <IsPcs>false</IsPcs>
    <IsTicket_No>false</IsTicket_No>
    <IsPayMode>false</IsPayMode>
    <IsTicket_Status>false</IsTicket_Status>
    <IsUser>false</IsUser>
    <IsBatch>false</IsBatch>
    <IsAudit>false</IsAudit>
    <IsExport>false</IsExport>
    <View_Both_Export>0</View_Both_Export>
    <IsExport_Header>false</IsExport_Header>
    <CoCode>1</CoCode>
    <YearID>2021</YearID>
    <UserID>101</UserID>
    <EntryDate>2021-07-08T00:00:00+05:30</EntryDate>
    <UpdateDate>2021-07-08T00:00:00+05:30</UpdateDate>
  </tblReport>
  <tblReport>
    <RepCode>3</RepCode>
    <Report_Name>Vehicle No Master</Report_Name>
    <Rep_SrNo>4</Rep_SrNo>
    <Query_String>Select * From tblVehicle_Master As A</Query_String>
    <Where_String />
    <Order_By_String>A.Vehicle_No ASC</Order_By_String>
    <IsDt>false</IsDt>
    <IsTime>false</IsTime>
    <IsParty>false</IsParty>
    <IsSupplier>false</IsSupplier>
    <IsItem>false</IsItem>
    <IsVehicle>true</IsVehicle>
    <IsField01>false</IsField01>
    <IsField02>false</IsField02>
    <IsField03>false</IsField03>
    <IsField04>false</IsField04>
    <IsField05>false</IsField05>
    <IsField06>false</IsField06>
    <IsPcs>false</IsPcs>
    <IsTicket_No>false</IsTicket_No>
    <IsPayMode>false</IsPayMode>
    <IsTicket_Status>false</IsTicket_Status>
    <IsUser>false</IsUser>
    <IsBatch>false</IsBatch>
    <IsAudit>false</IsAudit>
    <IsExport>false</IsExport>
    <View_Both_Export>0</View_Both_Export>
    <IsExport_Header>false</IsExport_Header>
    <CoCode>1</CoCode>
    <YearID>2021</YearID>
    <UserID>101</UserID>
    <EntryDate>2021-07-08T00:00:00+05:30</EntryDate>
    <UpdateDate>2021-07-08T00:00:00+05:30</UpdateDate>
  </tblReport>
  <tblReport>
    <RepCode>4</RepCode>
    <Report_Name>Field01 Master</Report_Name>
    <Rep_SrNo>5</Rep_SrNo>
    <Query_String>Select * From tblField01 As A</Query_String>
    <Where_String />
    <Order_By_String>A.Field01_Name ASC</Order_By_String>
    <IsDt>false</IsDt>
    <IsTime>false</IsTime>
    <IsParty>false</IsParty>
    <IsSupplier>false</IsSupplier>
    <IsItem>false</IsItem>
    <IsVehicle>false</IsVehicle>
    <IsField01>true</IsField01>
    <IsField02>false</IsField02>
    <IsField03>false</IsField03>
    <IsField04>false</IsField04>
    <IsField05>false</IsField05>
    <IsField06>false</IsField06>
    <IsPcs>false</IsPcs>
    <IsTicket_No>false</IsTicket_No>
    <IsPayMode>false</IsPayMode>
    <IsTicket_Status>false</IsTicket_Status>
    <IsUser>false</IsUser>
    <IsBatch>false</IsBatch>
    <IsAudit>false</IsAudit>
    <IsExport>false</IsExport>
    <View_Both_Export>0</View_Both_Export>
    <IsExport_Header>false</IsExport_Header>
    <CoCode>1</CoCode>
    <YearID>2021</YearID>
    <UserID>101</UserID>
    <EntryDate>2021-07-08T00:00:00+05:30</EntryDate>
    <UpdateDate>2021-07-08T00:00:00+05:30</UpdateDate>
  </tblReport>
  <tblReport>
    <RepCode>5</RepCode>
    <Report_Name>Field02 Master</Report_Name>
    <Rep_SrNo>6</Rep_SrNo>
    <Query_String>Select * From tblField02 As A</Query_String>
    <Where_String />
    <Order_By_String>A.Field02_Name ASC</Order_By_String>
    <IsDt>false</IsDt>
    <IsTime>false</IsTime>
    <IsParty>false</IsParty>
    <IsSupplier>false</IsSupplier>
    <IsItem>false</IsItem>
    <IsVehicle>false</IsVehicle>
    <IsField01>false</IsField01>
    <IsField02>true</IsField02>
    <IsField03>false</IsField03>
    <IsField04>false</IsField04>
    <IsField05>false</IsField05>
    <IsField06>false</IsField06>
    <IsPcs>false</IsPcs>
    <IsTicket_No>false</IsTicket_No>
    <IsPayMode>false</IsPayMode>
    <IsTicket_Status>false</IsTicket_Status>
    <IsUser>false</IsUser>
    <IsBatch>false</IsBatch>
    <IsAudit>false</IsAudit>
    <IsExport>false</IsExport>
    <View_Both_Export>0</View_Both_Export>
    <IsExport_Header>false</IsExport_Header>
    <CoCode>1</CoCode>
    <YearID>2021</YearID>
    <UserID>101</UserID>
    <EntryDate>2021-07-08T00:00:00+05:30</EntryDate>
    <UpdateDate>2021-07-08T00:00:00+05:30</UpdateDate>
  </tblReport>
  <tblReport>
    <RepCode>6</RepCode>
    <Report_Name>Field03 Master</Report_Name>
    <Rep_SrNo>7</Rep_SrNo>
    <Query_String>Select * From tblField03 As A</Query_String>
    <Where_String />
    <Order_By_String>A.Field03_Name ASC</Order_By_String>
    <IsDt>false</IsDt>
    <IsTime>false</IsTime>
    <IsParty>false</IsParty>
    <IsSupplier>false</IsSupplier>
    <IsItem>false</IsItem>
    <IsVehicle>false</IsVehicle>
    <IsField01>false</IsField01>
    <IsField02>false</IsField02>
    <IsField03>true</IsField03>
    <IsField04>false</IsField04>
    <IsField05>false</IsField05>
    <IsField06>false</IsField06>
    <IsPcs>false</IsPcs>
    <IsTicket_No>false</IsTicket_No>
    <IsPayMode>false</IsPayMode>
    <IsTicket_Status>false</IsTicket_Status>
    <IsUser>false</IsUser>
    <IsBatch>false</IsBatch>
    <IsAudit>false</IsAudit>
    <IsExport>false</IsExport>
    <View_Both_Export>0</View_Both_Export>
    <IsExport_Header>false</IsExport_Header>
    <CoCode>1</CoCode>
    <YearID>2021</YearID>
    <UserID>101</UserID>
    <EntryDate>2021-07-08T00:00:00+05:30</EntryDate>
    <UpdateDate>2021-07-08T00:00:00+05:30</UpdateDate>
  </tblReport>
  <tblReport>
    <RepCode>7</RepCode>
    <Report_Name>Slip Register</Report_Name>
    <Rep_SrNo>8</Rep_SrNo>
    <Query_String>Select * From View_Slip_ALL_UDF As A</Query_String>
    <Where_String>A.Is_Deleted=0</Where_String>
    <Order_By_String>A.Ticket_No ASC</Order_By_String>
    <IsDt>true</IsDt>
    <IsTime>false</IsTime>
    <IsParty>true</IsParty>
    <IsSupplier>true</IsSupplier>
    <IsItem>true</IsItem>
    <IsVehicle>true</IsVehicle>
    <IsField01>false</IsField01>
    <IsField02>false</IsField02>
    <IsField03>false</IsField03>
    <IsField04>false</IsField04>
    <IsField05>false</IsField05>
    <IsField06>false</IsField06>
    <IsPcs>false</IsPcs>
    <IsTicket_No>true</IsTicket_No>
    <IsPayMode>false</IsPayMode>
    <IsTicket_Status>true</IsTicket_Status>
    <IsUser>true</IsUser>
    <IsBatch>false</IsBatch>
    <IsAudit>false</IsAudit>
    <IsExport>false</IsExport>
    <View_Both_Export>1</View_Both_Export>
    <IsExport_Header>true</IsExport_Header>
    <CoCode>1</CoCode>
    <YearID>2021</YearID>
    <UserID>101</UserID>
    <EntryDate>2021-07-08T00:00:00+05:30</EntryDate>
    <UpdateDate>2021-07-08T00:00:00+05:30</UpdateDate>
  </tblReport>
  <tblReport>
    <RepCode>8</RepCode>
    <Report_Name>Item Wise Summary</Report_Name>
    <Rep_SrNo>9</Rep_SrNo>
    <Query_String>Select * From View_Slip_All_UDF As A</Query_String>
    <Where_String>A.Is_Deleted=0</Where_String>
    <Order_By_String>A.Ticket_No ASC</Order_By_String>
    <IsDt>true</IsDt>
    <IsTime>false</IsTime>
    <IsParty>false</IsParty>
    <IsSupplier>false</IsSupplier>
    <IsItem>true</IsItem>
    <IsVehicle>false</IsVehicle>
    <IsField01>false</IsField01>
    <IsField02>false</IsField02>
    <IsField03>false</IsField03>
    <IsField04>false</IsField04>
    <IsField05>false</IsField05>
    <IsField06>false</IsField06>
    <IsPcs>false</IsPcs>
    <IsTicket_No>false</IsTicket_No>
    <IsPayMode>false</IsPayMode>
    <IsTicket_Status>false</IsTicket_Status>
    <IsUser>true</IsUser>
    <IsBatch>false</IsBatch>
    <IsAudit>false</IsAudit>
    <IsExport>false</IsExport>
    <View_Both_Export>0</View_Both_Export>
    <IsExport_Header>false</IsExport_Header>
    <CoCode>1</CoCode>
    <YearID>2021</YearID>
    <UserID>101</UserID>
    <EntryDate>2021-07-08T00:00:00+05:30</EntryDate>
    <UpdateDate>2021-07-08T00:00:00+05:30</UpdateDate>
  </tblReport>
  <tblReport>
    <RepCode>9</RepCode>
    <Report_Name>Party Wise Summary</Report_Name>
    <Rep_SrNo>10</Rep_SrNo>
    <Query_String>Select * From View_Slip_All_UDF As A</Query_String>
    <Where_String>A.Is_Deleted=0</Where_String>
    <Order_By_String>A.Ticket_No ASC</Order_By_String>
    <IsDt>true</IsDt>
    <IsTime>false</IsTime>
    <IsParty>true</IsParty>
    <IsSupplier>false</IsSupplier>
    <IsItem>false</IsItem>
    <IsVehicle>false</IsVehicle>
    <IsField01>false</IsField01>
    <IsField02>false</IsField02>
    <IsField03>false</IsField03>
    <IsField04>false</IsField04>
    <IsField05>false</IsField05>
    <IsField06>false</IsField06>
    <IsPcs>false</IsPcs>
    <IsTicket_No>false</IsTicket_No>
    <IsPayMode>false</IsPayMode>
    <IsTicket_Status>false</IsTicket_Status>
    <IsUser>true</IsUser>
    <IsBatch>false</IsBatch>
    <IsAudit>false</IsAudit>
    <IsExport>false</IsExport>
    <View_Both_Export>0</View_Both_Export>
    <IsExport_Header>false</IsExport_Header>
    <CoCode>1</CoCode>
    <YearID>2021</YearID>
    <UserID>101</UserID>
    <EntryDate>2021-07-08T00:00:00+05:30</EntryDate>
    <UpdateDate>2021-07-08T00:00:00+05:30</UpdateDate>
  </tblReport>
  <tblReport>
    <RepCode>10</RepCode>
    <Report_Name>Vehicle No Wise Summary</Report_Name>
    <Rep_SrNo>11</Rep_SrNo>
    <Query_String>Select * From View_Slip_All_UDF As A</Query_String>
    <Where_String>A.Is_Deleted=0</Where_String>
    <Order_By_String>A.Ticket_No ASC</Order_By_String>
    <IsDt>true</IsDt>
    <IsTime>false</IsTime>
    <IsParty>false</IsParty>
    <IsSupplier>false</IsSupplier>
    <IsItem>false</IsItem>
    <IsVehicle>true</IsVehicle>
    <IsField01>false</IsField01>
    <IsField02>false</IsField02>
    <IsField03>false</IsField03>
    <IsField04>false</IsField04>
    <IsField05>false</IsField05>
    <IsField06>false</IsField06>
    <IsPcs>false</IsPcs>
    <IsTicket_No>false</IsTicket_No>
    <IsPayMode>false</IsPayMode>
    <IsTicket_Status>false</IsTicket_Status>
    <IsUser>true</IsUser>
    <IsBatch>false</IsBatch>
    <IsAudit>false</IsAudit>
    <IsExport>false</IsExport>
    <View_Both_Export>0</View_Both_Export>
    <IsExport_Header>false</IsExport_Header>
    <CoCode>1</CoCode>
    <YearID>2021</YearID>
    <UserID>101</UserID>
    <EntryDate>2021-07-08T00:00:00+05:30</EntryDate>
    <UpdateDate>2021-07-08T00:00:00+05:30</UpdateDate>
  </tblReport>
  <tblReport>
    <RepCode>11</RepCode>
    <Report_Name>Supplier Wise Summary</Report_Name>
    <Rep_SrNo>12</Rep_SrNo>
    <Query_String>Select * From View_Slip_All_UDF As A</Query_String>
    <Where_String>A.Is_Deleted=0</Where_String>
    <Order_By_String>A.Ticket_No ASC</Order_By_String>
    <IsDt>true</IsDt>
    <IsTime>false</IsTime>
    <IsParty>false</IsParty>
    <IsSupplier>true</IsSupplier>
    <IsItem>false</IsItem>
    <IsVehicle>false</IsVehicle>
    <IsField01>false</IsField01>
    <IsField02>false</IsField02>
    <IsField03>false</IsField03>
    <IsField04>false</IsField04>
    <IsField05>false</IsField05>
    <IsField06>false</IsField06>
    <IsPcs>false</IsPcs>
    <IsTicket_No>false</IsTicket_No>
    <IsPayMode>false</IsPayMode>
    <IsTicket_Status>false</IsTicket_Status>
    <IsUser>true</IsUser>
    <IsBatch>false</IsBatch>
    <IsAudit>false</IsAudit>
    <IsExport>false</IsExport>
    <View_Both_Export>0</View_Both_Export>
    <IsExport_Header>false</IsExport_Header>
    <CoCode>1</CoCode>
    <YearID>2021</YearID>
    <UserID>101</UserID>
    <EntryDate>2021-07-08T00:00:00+05:30</EntryDate>
    <UpdateDate>2021-07-08T00:00:00+05:30</UpdateDate>
  </tblReport>
  <tblReport>
    <RepCode>12</RepCode>
    <Report_Name>Item Party Wise Summary</Report_Name>
    <Rep_SrNo>13</Rep_SrNo>
    <Query_String>Select * From View_Slip_All As A</Query_String>
    <Where_String>A.Is_Deleted=0</Where_String>
    <Order_By_String>A.Ticket_No ASC</Order_By_String>
    <IsDt>true</IsDt>
    <IsTime>false</IsTime>
    <IsParty>true</IsParty>
    <IsSupplier>false</IsSupplier>
    <IsItem>true</IsItem>
    <IsVehicle>false</IsVehicle>
    <IsField01>false</IsField01>
    <IsField02>false</IsField02>
    <IsField03>false</IsField03>
    <IsField04>false</IsField04>
    <IsField05>false</IsField05>
    <IsField06>false</IsField06>
    <IsPcs>false</IsPcs>
    <IsTicket_No>false</IsTicket_No>
    <IsPayMode>false</IsPayMode>
    <IsTicket_Status>false</IsTicket_Status>
    <IsUser>true</IsUser>
    <IsBatch>false</IsBatch>
    <IsAudit>false</IsAudit>
    <IsExport>false</IsExport>
    <View_Both_Export>0</View_Both_Export>
    <IsExport_Header>false</IsExport_Header>
    <CoCode>1</CoCode>
    <YearID>2021</YearID>
    <UserID>101</UserID>
    <EntryDate>2021-07-08T00:00:00+05:30</EntryDate>
    <UpdateDate>2021-07-08T00:00:00+05:30</UpdateDate>
  </tblReport>
  <tblReport>
    <RepCode>13</RepCode>
    <Report_Name>Audit Edited Report</Report_Name>
    <Rep_SrNo>15</Rep_SrNo>
    <Query_String>Select * From View_Audit As A</Query_String>
    <Where_String>A.Audit_Type='Edited'</Where_String>
    <Order_By_String />
    <IsDt>false</IsDt>
    <IsTime>false</IsTime>
    <IsParty>false</IsParty>
    <IsSupplier>false</IsSupplier>
    <IsItem>false</IsItem>
    <IsVehicle>false</IsVehicle>
    <IsField01>false</IsField01>
    <IsField02>false</IsField02>
    <IsField03>false</IsField03>
    <IsField04>false</IsField04>
    <IsField05>false</IsField05>
    <IsField06>false</IsField06>
    <IsPcs>false</IsPcs>
    <IsTicket_No>false</IsTicket_No>
    <IsPayMode>false</IsPayMode>
    <IsTicket_Status>false</IsTicket_Status>
    <IsUser>true</IsUser>
    <IsBatch>false</IsBatch>
    <IsAudit>true</IsAudit>
    <IsExport>false</IsExport>
    <View_Both_Export>0</View_Both_Export>
    <IsExport_Header>false</IsExport_Header>
    <CoCode>1</CoCode>
    <YearID>2021</YearID>
    <UserID>101</UserID>
    <EntryDate>2021-07-08T00:00:00+05:30</EntryDate>
    <UpdateDate>2021-07-08T00:00:00+05:30</UpdateDate>
  </tblReport>
  <tblReport>
    <RepCode>14</RepCode>
    <Report_Name>Audit Deleted Report</Report_Name>
    <Rep_SrNo>16</Rep_SrNo>
    <Query_String>Select * From View_Audit As A</Query_String>
    <Where_String>A.Audit_Type='Deleted'</Where_String>
    <Order_By_String />
    <IsDt>false</IsDt>
    <IsTime>false</IsTime>
    <IsParty>false</IsParty>
    <IsSupplier>false</IsSupplier>
    <IsItem>false</IsItem>
    <IsVehicle>false</IsVehicle>
    <IsField01>false</IsField01>
    <IsField02>false</IsField02>
    <IsField03>false</IsField03>
    <IsField04>false</IsField04>
    <IsField05>false</IsField05>
    <IsField06>false</IsField06>
    <IsPcs>false</IsPcs>
    <IsTicket_No>false</IsTicket_No>
    <IsPayMode>false</IsPayMode>
    <IsTicket_Status>false</IsTicket_Status>
    <IsUser>true</IsUser>
    <IsBatch>false</IsBatch>
    <IsAudit>true</IsAudit>
    <IsExport>false</IsExport>
    <View_Both_Export>0</View_Both_Export>
    <IsExport_Header>false</IsExport_Header>
    <CoCode>1</CoCode>
    <YearID>2021</YearID>
    <UserID>101</UserID>
    <EntryDate>2021-07-08T00:00:00+05:30</EntryDate>
    <UpdateDate>2021-07-08T00:00:00+05:30</UpdateDate>
  </tblReport>
  <tblReport>
    <RepCode>15</RepCode>
    <Report_Name>Deleted Slip Register</Report_Name>
    <Rep_SrNo>17</Rep_SrNo>
    <Query_String>Select * From View_Slip_All_UDF As A</Query_String>
    <Where_String>A.Is_Deleted=-1</Where_String>
    <Order_By_String>A.Ticket_No ASC</Order_By_String>
    <IsDt>true</IsDt>
    <IsTime>false</IsTime>
    <IsParty>false</IsParty>
    <IsSupplier>false</IsSupplier>
    <IsItem>false</IsItem>
    <IsVehicle>false</IsVehicle>
    <IsField01>false</IsField01>
    <IsField02>false</IsField02>
    <IsField03>false</IsField03>
    <IsField04>false</IsField04>
    <IsField05>false</IsField05>
    <IsField06>false</IsField06>
    <IsPcs>false</IsPcs>
    <IsTicket_No>false</IsTicket_No>
    <IsPayMode>false</IsPayMode>
    <IsTicket_Status>false</IsTicket_Status>
    <IsUser>false</IsUser>
    <IsBatch>false</IsBatch>
    <IsAudit>false</IsAudit>
    <IsExport>false</IsExport>
    <View_Both_Export>1</View_Both_Export>
    <IsExport_Header>true</IsExport_Header>
    <CoCode>1</CoCode>
    <YearID>2021</YearID>
    <UserID>101</UserID>
    <EntryDate>2021-07-08T00:00:00+05:30</EntryDate>
    <UpdateDate>2021-07-08T00:00:00+05:30</UpdateDate>
  </tblReport>
  <tblReport>
    <RepCode>16</RepCode>
    <Report_Name>Weight Wise Summary</Report_Name>
    <Rep_SrNo>14</Rep_SrNo>
    <Query_String>Select * From View_Slip_All_UDF As A</Query_String>
    <Where_String>A.Is_Deleted=0</Where_String>
    <Order_By_String>A.Ticket_No ASC</Order_By_String>
    <IsDt>true</IsDt>
    <IsTime>false</IsTime>
    <IsParty>true</IsParty>
    <IsSupplier>true</IsSupplier>
    <IsItem>true</IsItem>
    <IsVehicle>true</IsVehicle>
    <IsField01>false</IsField01>
    <IsField02>false</IsField02>
    <IsField03>false</IsField03>
    <IsField04>false</IsField04>
    <IsField05>false</IsField05>
    <IsField06>false</IsField06>
    <IsPcs>false</IsPcs>
    <IsTicket_No>true</IsTicket_No>
    <IsPayMode>false</IsPayMode>
    <IsTicket_Status>false</IsTicket_Status>
    <IsUser>false</IsUser>
    <IsBatch>false</IsBatch>
    <IsAudit>false</IsAudit>
    <IsExport>false</IsExport>
    <View_Both_Export>0</View_Both_Export>
    <IsExport_Header>false</IsExport_Header>
    <CoCode>1</CoCode>
    <YearID>2021</YearID>
    <UserID>101</UserID>
    <EntryDate>2021-07-08T00:00:00+05:30</EntryDate>
    <UpdateDate>2021-07-08T00:00:00+05:30</UpdateDate>
  </tblReport>
  <tblReport>
    <RepCode>17</RepCode>
    <Report_Name>Daily Report</Report_Name>
    <Rep_SrNo>18</Rep_SrNo>
    <Query_String>Select * From View_Slip_All_UDF As A</Query_String>
    <Where_String>A.Is_Deleted=0</Where_String>
    <Order_By_String>A.Ticket_No ASC</Order_By_String>
    <IsDt>true</IsDt>
    <IsTime>false</IsTime>
    <IsParty>true</IsParty>
    <IsSupplier>true</IsSupplier>
    <IsItem>true</IsItem>
    <IsVehicle>true</IsVehicle>
    <IsField01>false</IsField01>
    <IsField02>false</IsField02>
    <IsField03>false</IsField03>
    <IsField04>false</IsField04>
    <IsField05>false</IsField05>
    <IsField06>false</IsField06>
    <IsPcs>false</IsPcs>
    <IsTicket_No>true</IsTicket_No>
    <IsPayMode>false</IsPayMode>
    <IsTicket_Status>true</IsTicket_Status>
    <IsUser>true</IsUser>
    <IsBatch>false</IsBatch>
    <IsAudit>false</IsAudit>
    <IsExport>false</IsExport>
    <View_Both_Export>1</View_Both_Export>
    <IsExport_Header>true</IsExport_Header>
    <CoCode>1</CoCode>
    <YearID>2021</YearID>
    <UserID>101</UserID>
    <EntryDate>2021-07-08T00:00:00+05:30</EntryDate>
    <UpdateDate>2021-07-08T00:00:00+05:30</UpdateDate>
  </tblReport>
  <tblReport>
    <RepCode>18</RepCode>
    <Report_Name>Item Master</Report_Name>
    <Rep_SrNo>1</Rep_SrNo>
    <Query_String>Select * From tblItem_Master  As A</Query_String>
    <Where_String />
    <Order_By_String>A.Item_Name ASC</Order_By_String>
    <IsDt>false</IsDt>
    <IsTime>false</IsTime>
    <IsParty>false</IsParty>
    <IsSupplier>false</IsSupplier>
    <IsItem>true</IsItem>
    <IsVehicle>false</IsVehicle>
    <IsField01>false</IsField01>
    <IsField02>false</IsField02>
    <IsField03>false</IsField03>
    <IsField04>false</IsField04>
    <IsField05>false</IsField05>
    <IsField06>false</IsField06>
    <IsPcs>false</IsPcs>
    <IsTicket_No>false</IsTicket_No>
    <IsPayMode>false</IsPayMode>
    <IsTicket_Status>false</IsTicket_Status>
    <IsUser>false</IsUser>
    <IsBatch>false</IsBatch>
    <IsAudit>false</IsAudit>
    <IsExport>false</IsExport>
    <View_Both_Export>0</View_Both_Export>
    <IsExport_Header>false</IsExport_Header>
    <CoCode>1</CoCode>
    <YearID>2021</YearID>
    <UserID>101</UserID>
    <EntryDate>2021-07-08T00:00:00+05:30</EntryDate>
    <UpdateDate>2021-07-08T00:00:00+05:30</UpdateDate>
  </tblReport>
</NewDataSet>