<?xml version="1.0" standalone="yes"?>
<NewDataSet>
  <Net_Print_Setting>
    <Sr_No>1</Sr_No>
    <Field_Name>Company_Name</Field_Name>
    <Field_Text>Company_Name</Field_Text>
    <Ticket_Width>760</Ticket_Width>
    <Heading_Size>13</Heading_Size>
    <Value_Size>22</Value_Size>
    <Ticket_Height>420</Ticket_Height>
    <iTop>18</iTop>
    <iLeft>15</iLeft>
    <Field_Width>730</Field_Width>
    <Field_Height>30</Field_Height>
    <Font_Size>12</Font_Size>
    <IsBold>true</IsBold>
    <IsVisible>false</IsVisible>
    <Text_Align>2</Text_Align>
    <Slip_Top>5</Slip_Top>
    <Slip_Left>5</Slip_Left>
    <Draw_Box>false</Draw_Box>
    <Ticket_Type>0</Ticket_Type>
    <Is_PrePrinted>false</Is_PrePrinted>
    <Total_Char>90</Total_Char>
    <Is_Manual_Weight_Indication>false</Is_Manual_Weight_Indication>
    <Printer_Name />
    <Ask_To_User_For_Print_Another_Copy>false</Ask_To_User_For_Print_Another_Copy>
    <Ticket_Print_Set_TopMost>true</Ticket_Print_Set_TopMost>
    <Font_Name>Courier New</Font_Name>
    <No_Of_Copy>1</No_Of_Copy>
    <Is_Ticket_Cutting_Line>false</Is_Ticket_Cutting_Line>
    <Is_Logo_Active>false</Is_Logo_Active>
    <Logo_Path />
    <Logo_Top>5</Logo_Top>
    <Logo_Left>10</Logo_Left>
    <Logo_Height>75</Logo_Height>
    <Logo_Width>100</Logo_Width>
    <IsTwo_Copy_In_One_Page>false</IsTwo_Copy_In_One_Page>
    <Is_Print_Entry_Date>true</Is_Print_Entry_Date>
    <Is_Duplicate_Label_On_RePrint>false</Is_Duplicate_Label_On_RePrint>
    <Ask_User_To_Print_Another_Copy>false</Ask_User_To_Print_Another_Copy>
    <Visible_On>1</Visible_On>
  </Net_Print_Setting>
  <Net_Print_Setting>
    <Sr_No>2</Sr_No>
    <Field_Name>Company_Address</Field_Name>
    <Field_Text>Company_Address</Field_Text>
    <Ticket_Width>760</Ticket_Width>
    <Heading_Size>13</Heading_Size>
    <Value_Size>22</Value_Size>
    <Ticket_Height>420</Ticket_Height>
    <iTop>49</iTop>
    <iLeft>15</iLeft>
    <Field_Width>730</Field_Width>
    <Field_Height>50</Field_Height>
    <Font_Size>11</Font_Size>
    <IsBold>false</IsBold>
    <IsVisible>false</IsVisible>
    <Text_Align>2</Text_Align>
    <Slip_Top>5</Slip_Top>
    <Slip_Left>5</Slip_Left>
    <Draw_Box>false</Draw_Box>
    <Ticket_Type>0</Ticket_Type>
    <Is_PrePrinted>false</Is_PrePrinted>
    <Total_Char>90</Total_Char>
    <Is_Manual_Weight_Indication>false</Is_Manual_Weight_Indication>
    <Printer_Name />
    <Ask_To_User_For_Print_Another_Copy>false</Ask_To_User_For_Print_Another_Copy>
    <Ticket_Print_Set_TopMost>true</Ticket_Print_Set_TopMost>
    <Font_Name>Courier New</Font_Name>
    <No_Of_Copy>1</No_Of_Copy>
    <Is_Ticket_Cutting_Line>false</Is_Ticket_Cutting_Line>
    <Is_Logo_Active>false</Is_Logo_Active>
    <Logo_Path />
    <Logo_Top>5</Logo_Top>
    <Logo_Left>10</Logo_Left>
    <Logo_Height>75</Logo_Height>
    <Logo_Width>100</Logo_Width>
    <IsTwo_Copy_In_One_Page>false</IsTwo_Copy_In_One_Page>
    <Is_Print_Entry_Date>true</Is_Print_Entry_Date>
    <Is_Duplicate_Label_On_RePrint>false</Is_Duplicate_Label_On_RePrint>
    <Ask_User_To_Print_Another_Copy>false</Ask_User_To_Print_Another_Copy>
    <Visible_On>1</Visible_On>
  </Net_Print_Setting>
  <Net_Print_Setting>
    <Sr_No>3</Sr_No>
    <Field_Name>Heading_Seprater_Line</Field_Name>
    <Field_Text>Heading_Seprater_Line</Field_Text>
    <Ticket_Width>760</Ticket_Width>
    <Heading_Size>13</Heading_Size>
    <Value_Size>22</Value_Size>
    <Ticket_Height>420</Ticket_Height>
    <iTop>100</iTop>
    <iLeft>15</iLeft>
    <Field_Width>730</Field_Width>
    <Field_Height>5</Field_Height>
    <Font_Size>8</Font_Size>
    <IsBold>false</IsBold>
    <IsVisible>false</IsVisible>
    <Text_Align>2</Text_Align>
    <Slip_Top>5</Slip_Top>
    <Slip_Left>5</Slip_Left>
    <Draw_Box>false</Draw_Box>
    <Ticket_Type>0</Ticket_Type>
    <Is_PrePrinted>false</Is_PrePrinted>
    <Total_Char>90</Total_Char>
    <Is_Manual_Weight_Indication>false</Is_Manual_Weight_Indication>
    <Printer_Name />
    <Ask_To_User_For_Print_Another_Copy>false</Ask_To_User_For_Print_Another_Copy>
    <Ticket_Print_Set_TopMost>true</Ticket_Print_Set_TopMost>
    <Font_Name>Courier New</Font_Name>
    <No_Of_Copy>1</No_Of_Copy>
    <Is_Ticket_Cutting_Line>false</Is_Ticket_Cutting_Line>
    <Is_Logo_Active>false</Is_Logo_Active>
    <Logo_Path />
    <Logo_Top>5</Logo_Top>
    <Logo_Left>10</Logo_Left>
    <Logo_Height>75</Logo_Height>
    <Logo_Width>100</Logo_Width>
    <IsTwo_Copy_In_One_Page>false</IsTwo_Copy_In_One_Page>
    <Is_Print_Entry_Date>true</Is_Print_Entry_Date>
    <Is_Duplicate_Label_On_RePrint>false</Is_Duplicate_Label_On_RePrint>
    <Ask_User_To_Print_Another_Copy>false</Ask_User_To_Print_Another_Copy>
    <Visible_On>1</Visible_On>
  </Net_Print_Setting>
  <Net_Print_Setting>
    <Sr_No>4</Sr_No>
    <Field_Name>Ticket_No</Field_Name>
    <Field_Text>Slip_No</Field_Text>
    <Ticket_Width>760</Ticket_Width>
    <Heading_Size>13</Heading_Size>
    <Value_Size>22</Value_Size>
    <Ticket_Height>420</Ticket_Height>
    <iTop>5</iTop>
    <iLeft>79</iLeft>
    <Field_Width>294</Field_Width>
    <Field_Height>20</Field_Height>
    <Font_Size>10</Font_Size>
    <IsBold>true</IsBold>
    <IsVisible>true</IsVisible>
    <Text_Align>0</Text_Align>
    <Slip_Top>5</Slip_Top>
    <Slip_Left>5</Slip_Left>
    <Draw_Box>false</Draw_Box>
    <Ticket_Type>0</Ticket_Type>
    <Is_PrePrinted>false</Is_PrePrinted>
    <Total_Char>90</Total_Char>
    <Is_Manual_Weight_Indication>false</Is_Manual_Weight_Indication>
    <Printer_Name />
    <Ask_To_User_For_Print_Another_Copy>false</Ask_To_User_For_Print_Another_Copy>
    <Ticket_Print_Set_TopMost>true</Ticket_Print_Set_TopMost>
    <Font_Name>Arial</Font_Name>
    <No_Of_Copy>1</No_Of_Copy>
    <Is_Ticket_Cutting_Line>false</Is_Ticket_Cutting_Line>
    <Is_Logo_Active>false</Is_Logo_Active>
    <Logo_Path />
    <Logo_Top>5</Logo_Top>
    <Logo_Left>10</Logo_Left>
    <Logo_Height>75</Logo_Height>
    <Logo_Width>100</Logo_Width>
    <IsTwo_Copy_In_One_Page>false</IsTwo_Copy_In_One_Page>
    <Is_Print_Entry_Date>true</Is_Print_Entry_Date>
    <Is_Duplicate_Label_On_RePrint>false</Is_Duplicate_Label_On_RePrint>
    <Ask_User_To_Print_Another_Copy>false</Ask_User_To_Print_Another_Copy>
    <Visible_On>1</Visible_On>
  </Net_Print_Setting>
  <Net_Print_Setting>
    <Sr_No>5</Sr_No>
    <Field_Name>Print_Date</Field_Name>
    <Field_Text>Date</Field_Text>
    <Ticket_Width>760</Ticket_Width>
    <Heading_Size>13</Heading_Size>
    <Value_Size>22</Value_Size>
    <Ticket_Height>420</Ticket_Height>
    <iTop>25</iTop>
    <iLeft>79</iLeft>
    <Field_Width>294</Field_Width>
    <Field_Height>20</Field_Height>
    <Font_Size>10</Font_Size>
    <IsBold>false</IsBold>
    <IsVisible>true</IsVisible>
    <Text_Align>0</Text_Align>
    <Slip_Top>5</Slip_Top>
    <Slip_Left>5</Slip_Left>
    <Draw_Box>false</Draw_Box>
    <Ticket_Type>0</Ticket_Type>
    <Is_PrePrinted>false</Is_PrePrinted>
    <Total_Char>90</Total_Char>
    <Is_Manual_Weight_Indication>false</Is_Manual_Weight_Indication>
    <Printer_Name />
    <Ask_To_User_For_Print_Another_Copy>false</Ask_To_User_For_Print_Another_Copy>
    <Ticket_Print_Set_TopMost>true</Ticket_Print_Set_TopMost>
    <Font_Name>Arial</Font_Name>
    <No_Of_Copy>1</No_Of_Copy>
    <Is_Ticket_Cutting_Line>false</Is_Ticket_Cutting_Line>
    <Is_Logo_Active>false</Is_Logo_Active>
    <Logo_Path />
    <Logo_Top>5</Logo_Top>
    <Logo_Left>10</Logo_Left>
    <Logo_Height>75</Logo_Height>
    <Logo_Width>100</Logo_Width>
    <IsTwo_Copy_In_One_Page>false</IsTwo_Copy_In_One_Page>
    <Is_Print_Entry_Date>true</Is_Print_Entry_Date>
    <Is_Duplicate_Label_On_RePrint>false</Is_Duplicate_Label_On_RePrint>
    <Ask_User_To_Print_Another_Copy>false</Ask_User_To_Print_Another_Copy>
    <Visible_On>1</Visible_On>
  </Net_Print_Setting>
  <Net_Print_Setting>
    <Sr_No>6</Sr_No>
    <Field_Name>Print_Time</Field_Name>
    <Field_Text>Print_Time</Field_Text>
    <Ticket_Width>760</Ticket_Width>
    <Heading_Size>13</Heading_Size>
    <Value_Size>22</Value_Size>
    <Ticket_Height>420</Ticket_Height>
    <iTop>106</iTop>
    <iLeft>600</iLeft>
    <Field_Width>145</Field_Width>
    <Field_Height>27</Field_Height>
    <Font_Size>10</Font_Size>
    <IsBold>false</IsBold>
    <IsVisible>false</IsVisible>
    <Text_Align>0</Text_Align>
    <Slip_Top>5</Slip_Top>
    <Slip_Left>5</Slip_Left>
    <Draw_Box>false</Draw_Box>
    <Ticket_Type>0</Ticket_Type>
    <Is_PrePrinted>false</Is_PrePrinted>
    <Total_Char>90</Total_Char>
    <Is_Manual_Weight_Indication>false</Is_Manual_Weight_Indication>
    <Printer_Name />
    <Ask_To_User_For_Print_Another_Copy>false</Ask_To_User_For_Print_Another_Copy>
    <Ticket_Print_Set_TopMost>true</Ticket_Print_Set_TopMost>
    <Font_Name>Arial</Font_Name>
    <No_Of_Copy>1</No_Of_Copy>
    <Is_Ticket_Cutting_Line>false</Is_Ticket_Cutting_Line>
    <Is_Logo_Active>false</Is_Logo_Active>
    <Logo_Path />
    <Logo_Top>5</Logo_Top>
    <Logo_Left>10</Logo_Left>
    <Logo_Height>75</Logo_Height>
    <Logo_Width>100</Logo_Width>
    <IsTwo_Copy_In_One_Page>false</IsTwo_Copy_In_One_Page>
    <Is_Print_Entry_Date>true</Is_Print_Entry_Date>
    <Is_Duplicate_Label_On_RePrint>false</Is_Duplicate_Label_On_RePrint>
    <Ask_User_To_Print_Another_Copy>false</Ask_User_To_Print_Another_Copy>
    <Visible_On>1</Visible_On>
  </Net_Print_Setting>
  <Net_Print_Setting>
    <Sr_No>7</Sr_No>
    <Field_Name>Party_Name</Field_Name>
    <Field_Text>Party_Name</Field_Text>
    <Ticket_Width>760</Ticket_Width>
    <Heading_Size>13</Heading_Size>
    <Value_Size>22</Value_Size>
    <Ticket_Height>420</Ticket_Height>
    <iTop>65</iTop>
    <iLeft>79</iLeft>
    <Field_Width>295</Field_Width>
    <Field_Height>20</Field_Height>
    <Font_Size>10</Font_Size>
    <IsBold>false</IsBold>
    <IsVisible>true</IsVisible>
    <Text_Align>0</Text_Align>
    <Slip_Top>5</Slip_Top>
    <Slip_Left>5</Slip_Left>
    <Draw_Box>false</Draw_Box>
    <Ticket_Type>0</Ticket_Type>
    <Is_PrePrinted>false</Is_PrePrinted>
    <Total_Char>90</Total_Char>
    <Is_Manual_Weight_Indication>false</Is_Manual_Weight_Indication>
    <Printer_Name />
    <Ask_To_User_For_Print_Another_Copy>false</Ask_To_User_For_Print_Another_Copy>
    <Ticket_Print_Set_TopMost>true</Ticket_Print_Set_TopMost>
    <Font_Name>Arial</Font_Name>
    <No_Of_Copy>1</No_Of_Copy>
    <Is_Ticket_Cutting_Line>false</Is_Ticket_Cutting_Line>
    <Is_Logo_Active>false</Is_Logo_Active>
    <Logo_Path />
    <Logo_Top>5</Logo_Top>
    <Logo_Left>10</Logo_Left>
    <Logo_Height>75</Logo_Height>
    <Logo_Width>100</Logo_Width>
    <IsTwo_Copy_In_One_Page>false</IsTwo_Copy_In_One_Page>
    <Is_Print_Entry_Date>true</Is_Print_Entry_Date>
    <Is_Duplicate_Label_On_RePrint>false</Is_Duplicate_Label_On_RePrint>
    <Ask_User_To_Print_Another_Copy>false</Ask_User_To_Print_Another_Copy>
    <Visible_On>1</Visible_On>
  </Net_Print_Setting>
  <Net_Print_Setting>
    <Sr_No>8</Sr_No>
    <Field_Name>Supplier_Name</Field_Name>
    <Field_Text>Supplier_Name</Field_Text>
    <Ticket_Width>760</Ticket_Width>
    <Heading_Size>13</Heading_Size>
    <Value_Size>22</Value_Size>
    <Ticket_Height>420</Ticket_Height>
    <iTop>135</iTop>
    <iLeft>385</iLeft>
    <Field_Width>360</Field_Width>
    <Field_Height>27</Field_Height>
    <Font_Size>11</Font_Size>
    <IsBold>false</IsBold>
    <IsVisible>false</IsVisible>
    <Text_Align>0</Text_Align>
    <Slip_Top>5</Slip_Top>
    <Slip_Left>5</Slip_Left>
    <Draw_Box>false</Draw_Box>
    <Ticket_Type>0</Ticket_Type>
    <Is_PrePrinted>false</Is_PrePrinted>
    <Total_Char>90</Total_Char>
    <Is_Manual_Weight_Indication>false</Is_Manual_Weight_Indication>
    <Printer_Name />
    <Ask_To_User_For_Print_Another_Copy>false</Ask_To_User_For_Print_Another_Copy>
    <Ticket_Print_Set_TopMost>true</Ticket_Print_Set_TopMost>
    <Font_Name>Arial</Font_Name>
    <No_Of_Copy>1</No_Of_Copy>
    <Is_Ticket_Cutting_Line>false</Is_Ticket_Cutting_Line>
    <Is_Logo_Active>false</Is_Logo_Active>
    <Logo_Path />
    <Logo_Top>5</Logo_Top>
    <Logo_Left>10</Logo_Left>
    <Logo_Height>75</Logo_Height>
    <Logo_Width>100</Logo_Width>
    <IsTwo_Copy_In_One_Page>false</IsTwo_Copy_In_One_Page>
    <Is_Print_Entry_Date>true</Is_Print_Entry_Date>
    <Is_Duplicate_Label_On_RePrint>false</Is_Duplicate_Label_On_RePrint>
    <Ask_User_To_Print_Another_Copy>false</Ask_User_To_Print_Another_Copy>
    <Visible_On>1</Visible_On>
  </Net_Print_Setting>
  <Net_Print_Setting>
    <Sr_No>9</Sr_No>
    <Field_Name>Vehicle_No</Field_Name>
    <Field_Text>Vehicle_No</Field_Text>
    <Ticket_Width>760</Ticket_Width>
    <Heading_Size>13</Heading_Size>
    <Value_Size>22</Value_Size>
    <Ticket_Height>420</Ticket_Height>
    <iTop>5</iTop>
    <iLeft>377</iLeft>
    <Field_Width>360</Field_Width>
    <Field_Height>20</Field_Height>
    <Font_Size>12</Font_Size>
    <IsBold>false</IsBold>
    <IsVisible>true</IsVisible>
    <Text_Align>0</Text_Align>
    <Slip_Top>5</Slip_Top>
    <Slip_Left>5</Slip_Left>
    <Draw_Box>false</Draw_Box>
    <Ticket_Type>0</Ticket_Type>
    <Is_PrePrinted>false</Is_PrePrinted>
    <Total_Char>90</Total_Char>
    <Is_Manual_Weight_Indication>false</Is_Manual_Weight_Indication>
    <Printer_Name />
    <Ask_To_User_For_Print_Another_Copy>false</Ask_To_User_For_Print_Another_Copy>
    <Ticket_Print_Set_TopMost>true</Ticket_Print_Set_TopMost>
    <Font_Name>Arial</Font_Name>
    <No_Of_Copy>1</No_Of_Copy>
    <Is_Ticket_Cutting_Line>false</Is_Ticket_Cutting_Line>
    <Is_Logo_Active>false</Is_Logo_Active>
    <Logo_Path />
    <Logo_Top>5</Logo_Top>
    <Logo_Left>10</Logo_Left>
    <Logo_Height>75</Logo_Height>
    <Logo_Width>100</Logo_Width>
    <IsTwo_Copy_In_One_Page>false</IsTwo_Copy_In_One_Page>
    <Is_Print_Entry_Date>true</Is_Print_Entry_Date>
    <Is_Duplicate_Label_On_RePrint>false</Is_Duplicate_Label_On_RePrint>
    <Ask_User_To_Print_Another_Copy>false</Ask_User_To_Print_Another_Copy>
    <Visible_On>1</Visible_On>
  </Net_Print_Setting>
  <Net_Print_Setting>
    <Sr_No>10</Sr_No>
    <Field_Name>Item_Name</Field_Name>
    <Field_Text>Item_Name</Field_Text>
    <Ticket_Width>760</Ticket_Width>
    <Heading_Size>13</Heading_Size>
    <Value_Size>22</Value_Size>
    <Ticket_Height>420</Ticket_Height>
    <iTop>44</iTop>
    <iLeft>79</iLeft>
    <Field_Width>294</Field_Width>
    <Field_Height>20</Field_Height>
    <Font_Size>10</Font_Size>
    <IsBold>false</IsBold>
    <IsVisible>true</IsVisible>
    <Text_Align>0</Text_Align>
    <Slip_Top>5</Slip_Top>
    <Slip_Left>5</Slip_Left>
    <Draw_Box>false</Draw_Box>
    <Ticket_Type>0</Ticket_Type>
    <Is_PrePrinted>false</Is_PrePrinted>
    <Total_Char>90</Total_Char>
    <Is_Manual_Weight_Indication>false</Is_Manual_Weight_Indication>
    <Printer_Name />
    <Ask_To_User_For_Print_Another_Copy>false</Ask_To_User_For_Print_Another_Copy>
    <Ticket_Print_Set_TopMost>true</Ticket_Print_Set_TopMost>
    <Font_Name>Arial</Font_Name>
    <No_Of_Copy>1</No_Of_Copy>
    <Is_Ticket_Cutting_Line>false</Is_Ticket_Cutting_Line>
    <Is_Logo_Active>false</Is_Logo_Active>
    <Logo_Path />
    <Logo_Top>5</Logo_Top>
    <Logo_Left>10</Logo_Left>
    <Logo_Height>75</Logo_Height>
    <Logo_Width>100</Logo_Width>
    <IsTwo_Copy_In_One_Page>false</IsTwo_Copy_In_One_Page>
    <Is_Print_Entry_Date>true</Is_Print_Entry_Date>
    <Is_Duplicate_Label_On_RePrint>false</Is_Duplicate_Label_On_RePrint>
    <Ask_User_To_Print_Another_Copy>false</Ask_User_To_Print_Another_Copy>
    <Visible_On>1</Visible_On>
  </Net_Print_Setting>
  <Net_Print_Setting>
    <Sr_No>11</Sr_No>
    <Field_Name>Field01_Name</Field_Name>
    <Field_Text>Vehicle_Typle</Field_Text>
    <Ticket_Width>760</Ticket_Width>
    <Heading_Size>13</Heading_Size>
    <Value_Size>22</Value_Size>
    <Ticket_Height>420</Ticket_Height>
    <iTop>25</iTop>
    <iLeft>377</iLeft>
    <Field_Width>360</Field_Width>
    <Field_Height>20</Field_Height>
    <Font_Size>10</Font_Size>
    <IsBold>false</IsBold>
    <IsVisible>true</IsVisible>
    <Text_Align>0</Text_Align>
    <Slip_Top>5</Slip_Top>
    <Slip_Left>5</Slip_Left>
    <Draw_Box>false</Draw_Box>
    <Ticket_Type>0</Ticket_Type>
    <Is_PrePrinted>false</Is_PrePrinted>
    <Total_Char>90</Total_Char>
    <Is_Manual_Weight_Indication>false</Is_Manual_Weight_Indication>
    <Printer_Name />
    <Ask_To_User_For_Print_Another_Copy>false</Ask_To_User_For_Print_Another_Copy>
    <Ticket_Print_Set_TopMost>true</Ticket_Print_Set_TopMost>
    <Font_Name>Arial</Font_Name>
    <No_Of_Copy>1</No_Of_Copy>
    <Is_Ticket_Cutting_Line>false</Is_Ticket_Cutting_Line>
    <Is_Logo_Active>false</Is_Logo_Active>
    <Logo_Path />
    <Logo_Top>5</Logo_Top>
    <Logo_Left>10</Logo_Left>
    <Logo_Height>75</Logo_Height>
    <Logo_Width>100</Logo_Width>
    <IsTwo_Copy_In_One_Page>false</IsTwo_Copy_In_One_Page>
    <Is_Print_Entry_Date>true</Is_Print_Entry_Date>
    <Is_Duplicate_Label_On_RePrint>false</Is_Duplicate_Label_On_RePrint>
    <Ask_User_To_Print_Another_Copy>false</Ask_User_To_Print_Another_Copy>
    <Visible_On>1</Visible_On>
  </Net_Print_Setting>
  <Net_Print_Setting>
    <Sr_No>12</Sr_No>
    <Field_Name>Field02_Name</Field_Name>
    <Field_Text>Field02_Name</Field_Text>
    <Ticket_Width>760</Ticket_Width>
    <Heading_Size>13</Heading_Size>
    <Value_Size>22</Value_Size>
    <Ticket_Height>420</Ticket_Height>
    <iTop>222</iTop>
    <iLeft>15</iLeft>
    <Field_Width>360</Field_Width>
    <Field_Height>27</Field_Height>
    <Font_Size>11</Font_Size>
    <IsBold>false</IsBold>
    <IsVisible>false</IsVisible>
    <Text_Align>0</Text_Align>
    <Slip_Top>5</Slip_Top>
    <Slip_Left>5</Slip_Left>
    <Draw_Box>false</Draw_Box>
    <Ticket_Type>0</Ticket_Type>
    <Is_PrePrinted>false</Is_PrePrinted>
    <Total_Char>90</Total_Char>
    <Is_Manual_Weight_Indication>false</Is_Manual_Weight_Indication>
    <Printer_Name />
    <Ask_To_User_For_Print_Another_Copy>false</Ask_To_User_For_Print_Another_Copy>
    <Ticket_Print_Set_TopMost>true</Ticket_Print_Set_TopMost>
    <Font_Name>Arial</Font_Name>
    <No_Of_Copy>1</No_Of_Copy>
    <Is_Ticket_Cutting_Line>false</Is_Ticket_Cutting_Line>
    <Is_Logo_Active>false</Is_Logo_Active>
    <Logo_Path />
    <Logo_Top>5</Logo_Top>
    <Logo_Left>10</Logo_Left>
    <Logo_Height>75</Logo_Height>
    <Logo_Width>100</Logo_Width>
    <IsTwo_Copy_In_One_Page>false</IsTwo_Copy_In_One_Page>
    <Is_Print_Entry_Date>true</Is_Print_Entry_Date>
    <Is_Duplicate_Label_On_RePrint>false</Is_Duplicate_Label_On_RePrint>
    <Ask_User_To_Print_Another_Copy>false</Ask_User_To_Print_Another_Copy>
    <Visible_On>1</Visible_On>
  </Net_Print_Setting>
  <Net_Print_Setting>
    <Sr_No>13</Sr_No>
    <Field_Name>Field03_Name</Field_Name>
    <Field_Text>Field03_Name</Field_Text>
    <Ticket_Width>760</Ticket_Width>
    <Heading_Size>13</Heading_Size>
    <Value_Size>22</Value_Size>
    <Ticket_Height>420</Ticket_Height>
    <iTop>251</iTop>
    <iLeft>15</iLeft>
    <Field_Width>360</Field_Width>
    <Field_Height>27</Field_Height>
    <Font_Size>11</Font_Size>
    <IsBold>false</IsBold>
    <IsVisible>false</IsVisible>
    <Text_Align>0</Text_Align>
    <Slip_Top>5</Slip_Top>
    <Slip_Left>5</Slip_Left>
    <Draw_Box>false</Draw_Box>
    <Ticket_Type>0</Ticket_Type>
    <Is_PrePrinted>false</Is_PrePrinted>
    <Total_Char>90</Total_Char>
    <Is_Manual_Weight_Indication>false</Is_Manual_Weight_Indication>
    <Printer_Name />
    <Ask_To_User_For_Print_Another_Copy>false</Ask_To_User_For_Print_Another_Copy>
    <Ticket_Print_Set_TopMost>true</Ticket_Print_Set_TopMost>
    <Font_Name>Arial</Font_Name>
    <No_Of_Copy>1</No_Of_Copy>
    <Is_Ticket_Cutting_Line>false</Is_Ticket_Cutting_Line>
    <Is_Logo_Active>false</Is_Logo_Active>
    <Logo_Path />
    <Logo_Top>5</Logo_Top>
    <Logo_Left>10</Logo_Left>
    <Logo_Height>75</Logo_Height>
    <Logo_Width>100</Logo_Width>
    <IsTwo_Copy_In_One_Page>false</IsTwo_Copy_In_One_Page>
    <Is_Print_Entry_Date>true</Is_Print_Entry_Date>
    <Is_Duplicate_Label_On_RePrint>false</Is_Duplicate_Label_On_RePrint>
    <Ask_User_To_Print_Another_Copy>false</Ask_User_To_Print_Another_Copy>
    <Visible_On>1</Visible_On>
  </Net_Print_Setting>
  <Net_Print_Setting>
    <Sr_No>14</Sr_No>
    <Field_Name>Field04_Name</Field_Name>
    <Field_Text>Field04_Name</Field_Text>
    <Ticket_Width>760</Ticket_Width>
    <Heading_Size>13</Heading_Size>
    <Value_Size>22</Value_Size>
    <Ticket_Height>420</Ticket_Height>
    <iTop>193</iTop>
    <iLeft>385</iLeft>
    <Field_Width>360</Field_Width>
    <Field_Height>27</Field_Height>
    <Font_Size>11</Font_Size>
    <IsBold>false</IsBold>
    <IsVisible>false</IsVisible>
    <Text_Align>0</Text_Align>
    <Slip_Top>5</Slip_Top>
    <Slip_Left>5</Slip_Left>
    <Draw_Box>false</Draw_Box>
    <Ticket_Type>0</Ticket_Type>
    <Is_PrePrinted>false</Is_PrePrinted>
    <Total_Char>90</Total_Char>
    <Is_Manual_Weight_Indication>false</Is_Manual_Weight_Indication>
    <Printer_Name />
    <Ask_To_User_For_Print_Another_Copy>false</Ask_To_User_For_Print_Another_Copy>
    <Ticket_Print_Set_TopMost>true</Ticket_Print_Set_TopMost>
    <Font_Name>Arial</Font_Name>
    <No_Of_Copy>1</No_Of_Copy>
    <Is_Ticket_Cutting_Line>false</Is_Ticket_Cutting_Line>
    <Is_Logo_Active>false</Is_Logo_Active>
    <Logo_Path />
    <Logo_Top>5</Logo_Top>
    <Logo_Left>10</Logo_Left>
    <Logo_Height>75</Logo_Height>
    <Logo_Width>100</Logo_Width>
    <IsTwo_Copy_In_One_Page>false</IsTwo_Copy_In_One_Page>
    <Is_Print_Entry_Date>true</Is_Print_Entry_Date>
    <Is_Duplicate_Label_On_RePrint>false</Is_Duplicate_Label_On_RePrint>
    <Ask_User_To_Print_Another_Copy>false</Ask_User_To_Print_Another_Copy>
    <Visible_On>1</Visible_On>
  </Net_Print_Setting>
  <Net_Print_Setting>
    <Sr_No>15</Sr_No>
    <Field_Name>Field05_Name</Field_Name>
    <Field_Text>Message</Field_Text>
    <Ticket_Width>760</Ticket_Width>
    <Heading_Size>13</Heading_Size>
    <Value_Size>22</Value_Size>
    <Ticket_Height>420</Ticket_Height>
    <iTop>141</iTop>
    <iLeft>79</iLeft>
    <Field_Width>294</Field_Width>
    <Field_Height>20</Field_Height>
    <Font_Size>10</Font_Size>
    <IsBold>false</IsBold>
    <IsVisible>true</IsVisible>
    <Text_Align>0</Text_Align>
    <Slip_Top>5</Slip_Top>
    <Slip_Left>5</Slip_Left>
    <Draw_Box>false</Draw_Box>
    <Ticket_Type>0</Ticket_Type>
    <Is_PrePrinted>false</Is_PrePrinted>
    <Total_Char>90</Total_Char>
    <Is_Manual_Weight_Indication>false</Is_Manual_Weight_Indication>
    <Printer_Name />
    <Ask_To_User_For_Print_Another_Copy>false</Ask_To_User_For_Print_Another_Copy>
    <Ticket_Print_Set_TopMost>true</Ticket_Print_Set_TopMost>
    <Font_Name>Arial</Font_Name>
    <No_Of_Copy>1</No_Of_Copy>
    <Is_Ticket_Cutting_Line>false</Is_Ticket_Cutting_Line>
    <Is_Logo_Active>false</Is_Logo_Active>
    <Logo_Path />
    <Logo_Top>5</Logo_Top>
    <Logo_Left>10</Logo_Left>
    <Logo_Height>75</Logo_Height>
    <Logo_Width>100</Logo_Width>
    <IsTwo_Copy_In_One_Page>false</IsTwo_Copy_In_One_Page>
    <Is_Print_Entry_Date>true</Is_Print_Entry_Date>
    <Is_Duplicate_Label_On_RePrint>false</Is_Duplicate_Label_On_RePrint>
    <Ask_User_To_Print_Another_Copy>false</Ask_User_To_Print_Another_Copy>
    <Visible_On>1</Visible_On>
  </Net_Print_Setting>
  <Net_Print_Setting>
    <Sr_No>16</Sr_No>
    <Field_Name>Field06_Name</Field_Name>
    <Field_Text>Field06_Name</Field_Text>
    <Ticket_Width>760</Ticket_Width>
    <Heading_Size>13</Heading_Size>
    <Value_Size>22</Value_Size>
    <Ticket_Height>420</Ticket_Height>
    <iTop>251</iTop>
    <iLeft>385</iLeft>
    <Field_Width>360</Field_Width>
    <Field_Height>27</Field_Height>
    <Font_Size>11</Font_Size>
    <IsBold>false</IsBold>
    <IsVisible>false</IsVisible>
    <Text_Align>0</Text_Align>
    <Slip_Top>5</Slip_Top>
    <Slip_Left>5</Slip_Left>
    <Draw_Box>false</Draw_Box>
    <Ticket_Type>0</Ticket_Type>
    <Is_PrePrinted>false</Is_PrePrinted>
    <Total_Char>90</Total_Char>
    <Is_Manual_Weight_Indication>false</Is_Manual_Weight_Indication>
    <Printer_Name />
    <Ask_To_User_For_Print_Another_Copy>false</Ask_To_User_For_Print_Another_Copy>
    <Ticket_Print_Set_TopMost>true</Ticket_Print_Set_TopMost>
    <Font_Name>Arial</Font_Name>
    <No_Of_Copy>1</No_Of_Copy>
    <Is_Ticket_Cutting_Line>false</Is_Ticket_Cutting_Line>
    <Is_Logo_Active>false</Is_Logo_Active>
    <Logo_Path />
    <Logo_Top>5</Logo_Top>
    <Logo_Left>10</Logo_Left>
    <Logo_Height>75</Logo_Height>
    <Logo_Width>100</Logo_Width>
    <IsTwo_Copy_In_One_Page>false</IsTwo_Copy_In_One_Page>
    <Is_Print_Entry_Date>true</Is_Print_Entry_Date>
    <Is_Duplicate_Label_On_RePrint>false</Is_Duplicate_Label_On_RePrint>
    <Ask_User_To_Print_Another_Copy>false</Ask_User_To_Print_Another_Copy>
    <Visible_On>1</Visible_On>
  </Net_Print_Setting>
  <Net_Print_Setting>
    <Sr_No>17</Sr_No>
    <Field_Name>Weight_Seprater_Line</Field_Name>
    <Field_Text>Weight_Seprater_Line</Field_Text>
    <Ticket_Width>760</Ticket_Width>
    <Heading_Size>13</Heading_Size>
    <Value_Size>22</Value_Size>
    <Ticket_Height>420</Ticket_Height>
    <iTop>308</iTop>
    <iLeft>15</iLeft>
    <Field_Width>730</Field_Width>
    <Field_Height>5</Field_Height>
    <Font_Size>8</Font_Size>
    <IsBold>false</IsBold>
    <IsVisible>false</IsVisible>
    <Text_Align>2</Text_Align>
    <Slip_Top>5</Slip_Top>
    <Slip_Left>5</Slip_Left>
    <Draw_Box>false</Draw_Box>
    <Ticket_Type>0</Ticket_Type>
    <Is_PrePrinted>false</Is_PrePrinted>
    <Total_Char>90</Total_Char>
    <Is_Manual_Weight_Indication>false</Is_Manual_Weight_Indication>
    <Printer_Name />
    <Ask_To_User_For_Print_Another_Copy>false</Ask_To_User_For_Print_Another_Copy>
    <Ticket_Print_Set_TopMost>true</Ticket_Print_Set_TopMost>
    <Font_Name>Courier New</Font_Name>
    <No_Of_Copy>1</No_Of_Copy>
    <Is_Ticket_Cutting_Line>false</Is_Ticket_Cutting_Line>
    <Is_Logo_Active>false</Is_Logo_Active>
    <Logo_Path />
    <Logo_Top>5</Logo_Top>
    <Logo_Left>10</Logo_Left>
    <Logo_Height>75</Logo_Height>
    <Logo_Width>100</Logo_Width>
    <IsTwo_Copy_In_One_Page>false</IsTwo_Copy_In_One_Page>
    <Is_Print_Entry_Date>true</Is_Print_Entry_Date>
    <Is_Duplicate_Label_On_RePrint>false</Is_Duplicate_Label_On_RePrint>
    <Ask_User_To_Print_Another_Copy>false</Ask_User_To_Print_Another_Copy>
    <Visible_On>1</Visible_On>
  </Net_Print_Setting>
  <Net_Print_Setting>
    <Sr_No>18</Sr_No>
    <Field_Name>Gross_Weight</Field_Name>
    <Field_Text>Gross_Weight</Field_Text>
    <Ticket_Width>760</Ticket_Width>
    <Heading_Size>13</Heading_Size>
    <Value_Size>22</Value_Size>
    <Ticket_Height>420</Ticket_Height>
    <iTop>82</iTop>
    <iLeft>79</iLeft>
    <Field_Width>294</Field_Width>
    <Field_Height>20</Field_Height>
    <Font_Size>12</Font_Size>
    <IsBold>false</IsBold>
    <IsVisible>true</IsVisible>
    <Text_Align>0</Text_Align>
    <Slip_Top>5</Slip_Top>
    <Slip_Left>5</Slip_Left>
    <Draw_Box>false</Draw_Box>
    <Ticket_Type>0</Ticket_Type>
    <Is_PrePrinted>false</Is_PrePrinted>
    <Total_Char>90</Total_Char>
    <Is_Manual_Weight_Indication>false</Is_Manual_Weight_Indication>
    <Printer_Name />
    <Ask_To_User_For_Print_Another_Copy>false</Ask_To_User_For_Print_Another_Copy>
    <Ticket_Print_Set_TopMost>true</Ticket_Print_Set_TopMost>
    <Font_Name>Arial</Font_Name>
    <No_Of_Copy>1</No_Of_Copy>
    <Is_Ticket_Cutting_Line>false</Is_Ticket_Cutting_Line>
    <Is_Logo_Active>false</Is_Logo_Active>
    <Logo_Path />
    <Logo_Top>5</Logo_Top>
    <Logo_Left>10</Logo_Left>
    <Logo_Height>75</Logo_Height>
    <Logo_Width>100</Logo_Width>
    <IsTwo_Copy_In_One_Page>false</IsTwo_Copy_In_One_Page>
    <Is_Print_Entry_Date>true</Is_Print_Entry_Date>
    <Is_Duplicate_Label_On_RePrint>false</Is_Duplicate_Label_On_RePrint>
    <Ask_User_To_Print_Another_Copy>false</Ask_User_To_Print_Another_Copy>
    <Visible_On>1</Visible_On>
  </Net_Print_Setting>
  <Net_Print_Setting>
    <Sr_No>19</Sr_No>
    <Field_Name>Tare_Weight</Field_Name>
    <Field_Text>Tare_Weight</Field_Text>
    <Ticket_Width>760</Ticket_Width>
    <Heading_Size>13</Heading_Size>
    <Value_Size>22</Value_Size>
    <Ticket_Height>420</Ticket_Height>
    <iTop>102</iTop>
    <iLeft>79</iLeft>
    <Field_Width>294</Field_Width>
    <Field_Height>20</Field_Height>
    <Font_Size>12</Font_Size>
    <IsBold>false</IsBold>
    <IsVisible>true</IsVisible>
    <Text_Align>0</Text_Align>
    <Slip_Top>5</Slip_Top>
    <Slip_Left>5</Slip_Left>
    <Draw_Box>false</Draw_Box>
    <Ticket_Type>0</Ticket_Type>
    <Is_PrePrinted>false</Is_PrePrinted>
    <Total_Char>90</Total_Char>
    <Is_Manual_Weight_Indication>false</Is_Manual_Weight_Indication>
    <Printer_Name />
    <Ask_To_User_For_Print_Another_Copy>false</Ask_To_User_For_Print_Another_Copy>
    <Ticket_Print_Set_TopMost>true</Ticket_Print_Set_TopMost>
    <Font_Name>Arial</Font_Name>
    <No_Of_Copy>1</No_Of_Copy>
    <Is_Ticket_Cutting_Line>false</Is_Ticket_Cutting_Line>
    <Is_Logo_Active>false</Is_Logo_Active>
    <Logo_Path />
    <Logo_Top>5</Logo_Top>
    <Logo_Left>10</Logo_Left>
    <Logo_Height>75</Logo_Height>
    <Logo_Width>100</Logo_Width>
    <IsTwo_Copy_In_One_Page>false</IsTwo_Copy_In_One_Page>
    <Is_Print_Entry_Date>true</Is_Print_Entry_Date>
    <Is_Duplicate_Label_On_RePrint>false</Is_Duplicate_Label_On_RePrint>
    <Ask_User_To_Print_Another_Copy>false</Ask_User_To_Print_Another_Copy>
    <Visible_On>1</Visible_On>
  </Net_Print_Setting>
  <Net_Print_Setting>
    <Sr_No>20</Sr_No>
    <Field_Name>Net_Weight</Field_Name>
    <Field_Text>Net_Weight</Field_Text>
    <Ticket_Width>760</Ticket_Width>
    <Heading_Size>13</Heading_Size>
    <Value_Size>22</Value_Size>
    <Ticket_Height>420</Ticket_Height>
    <iTop>122</iTop>
    <iLeft>79</iLeft>
    <Field_Width>294</Field_Width>
    <Field_Height>20</Field_Height>
    <Font_Size>12</Font_Size>
    <IsBold>false</IsBold>
    <IsVisible>true</IsVisible>
    <Text_Align>0</Text_Align>
    <Slip_Top>5</Slip_Top>
    <Slip_Left>5</Slip_Left>
    <Draw_Box>false</Draw_Box>
    <Ticket_Type>0</Ticket_Type>
    <Is_PrePrinted>false</Is_PrePrinted>
    <Total_Char>90</Total_Char>
    <Is_Manual_Weight_Indication>false</Is_Manual_Weight_Indication>
    <Printer_Name />
    <Ask_To_User_For_Print_Another_Copy>false</Ask_To_User_For_Print_Another_Copy>
    <Ticket_Print_Set_TopMost>true</Ticket_Print_Set_TopMost>
    <Font_Name>Arial</Font_Name>
    <No_Of_Copy>1</No_Of_Copy>
    <Is_Ticket_Cutting_Line>false</Is_Ticket_Cutting_Line>
    <Is_Logo_Active>false</Is_Logo_Active>
    <Logo_Path />
    <Logo_Top>5</Logo_Top>
    <Logo_Left>10</Logo_Left>
    <Logo_Height>75</Logo_Height>
    <Logo_Width>100</Logo_Width>
    <IsTwo_Copy_In_One_Page>false</IsTwo_Copy_In_One_Page>
    <Is_Print_Entry_Date>true</Is_Print_Entry_Date>
    <Is_Duplicate_Label_On_RePrint>false</Is_Duplicate_Label_On_RePrint>
    <Ask_User_To_Print_Another_Copy>false</Ask_User_To_Print_Another_Copy>
    <Visible_On>1</Visible_On>
  </Net_Print_Setting>
  <Net_Print_Setting>
    <Sr_No>21</Sr_No>
    <Field_Name>Gross_Date</Field_Name>
    <Field_Text>Gross_Date</Field_Text>
    <Ticket_Width>760</Ticket_Width>
    <Heading_Size>13</Heading_Size>
    <Value_Size>22</Value_Size>
    <Ticket_Height>420</Ticket_Height>
    <iTop>86</iTop>
    <iLeft>377</iLeft>
    <Field_Width>181</Field_Width>
    <Field_Height>20</Field_Height>
    <Font_Size>10</Font_Size>
    <IsBold>false</IsBold>
    <IsVisible>true</IsVisible>
    <Text_Align>0</Text_Align>
    <Slip_Top>5</Slip_Top>
    <Slip_Left>5</Slip_Left>
    <Draw_Box>false</Draw_Box>
    <Ticket_Type>0</Ticket_Type>
    <Is_PrePrinted>false</Is_PrePrinted>
    <Total_Char>90</Total_Char>
    <Is_Manual_Weight_Indication>false</Is_Manual_Weight_Indication>
    <Printer_Name />
    <Ask_To_User_For_Print_Another_Copy>false</Ask_To_User_For_Print_Another_Copy>
    <Ticket_Print_Set_TopMost>true</Ticket_Print_Set_TopMost>
    <Font_Name>Arial</Font_Name>
    <No_Of_Copy>1</No_Of_Copy>
    <Is_Ticket_Cutting_Line>false</Is_Ticket_Cutting_Line>
    <Is_Logo_Active>false</Is_Logo_Active>
    <Logo_Path />
    <Logo_Top>5</Logo_Top>
    <Logo_Left>10</Logo_Left>
    <Logo_Height>75</Logo_Height>
    <Logo_Width>100</Logo_Width>
    <IsTwo_Copy_In_One_Page>false</IsTwo_Copy_In_One_Page>
    <Is_Print_Entry_Date>true</Is_Print_Entry_Date>
    <Is_Duplicate_Label_On_RePrint>false</Is_Duplicate_Label_On_RePrint>
    <Ask_User_To_Print_Another_Copy>false</Ask_User_To_Print_Another_Copy>
    <Visible_On>1</Visible_On>
  </Net_Print_Setting>
  <Net_Print_Setting>
    <Sr_No>22</Sr_No>
    <Field_Name>Gross_Time</Field_Name>
    <Field_Text>Gross_Time</Field_Text>
    <Ticket_Width>760</Ticket_Width>
    <Heading_Size>13</Heading_Size>
    <Value_Size>22</Value_Size>
    <Ticket_Height>420</Ticket_Height>
    <iTop>86</iTop>
    <iLeft>558</iLeft>
    <Field_Width>143</Field_Width>
    <Field_Height>20</Field_Height>
    <Font_Size>10</Font_Size>
    <IsBold>false</IsBold>
    <IsVisible>true</IsVisible>
    <Text_Align>0</Text_Align>
    <Slip_Top>5</Slip_Top>
    <Slip_Left>5</Slip_Left>
    <Draw_Box>false</Draw_Box>
    <Ticket_Type>0</Ticket_Type>
    <Is_PrePrinted>false</Is_PrePrinted>
    <Total_Char>90</Total_Char>
    <Is_Manual_Weight_Indication>false</Is_Manual_Weight_Indication>
    <Printer_Name />
    <Ask_To_User_For_Print_Another_Copy>false</Ask_To_User_For_Print_Another_Copy>
    <Ticket_Print_Set_TopMost>true</Ticket_Print_Set_TopMost>
    <Font_Name>Arial</Font_Name>
    <No_Of_Copy>1</No_Of_Copy>
    <Is_Ticket_Cutting_Line>false</Is_Ticket_Cutting_Line>
    <Is_Logo_Active>false</Is_Logo_Active>
    <Logo_Path />
    <Logo_Top>5</Logo_Top>
    <Logo_Left>10</Logo_Left>
    <Logo_Height>75</Logo_Height>
    <Logo_Width>100</Logo_Width>
    <IsTwo_Copy_In_One_Page>false</IsTwo_Copy_In_One_Page>
    <Is_Print_Entry_Date>true</Is_Print_Entry_Date>
    <Is_Duplicate_Label_On_RePrint>false</Is_Duplicate_Label_On_RePrint>
    <Ask_User_To_Print_Another_Copy>false</Ask_User_To_Print_Another_Copy>
    <Visible_On>1</Visible_On>
  </Net_Print_Setting>
  <Net_Print_Setting>
    <Sr_No>23</Sr_No>
    <Field_Name>Tare_Date</Field_Name>
    <Field_Text>Tare_Date</Field_Text>
    <Ticket_Width>760</Ticket_Width>
    <Heading_Size>13</Heading_Size>
    <Value_Size>22</Value_Size>
    <Ticket_Height>420</Ticket_Height>
    <iTop>105</iTop>
    <iLeft>377</iLeft>
    <Field_Width>181</Field_Width>
    <Field_Height>20</Field_Height>
    <Font_Size>10</Font_Size>
    <IsBold>false</IsBold>
    <IsVisible>true</IsVisible>
    <Text_Align>0</Text_Align>
    <Slip_Top>5</Slip_Top>
    <Slip_Left>5</Slip_Left>
    <Draw_Box>false</Draw_Box>
    <Ticket_Type>0</Ticket_Type>
    <Is_PrePrinted>false</Is_PrePrinted>
    <Total_Char>90</Total_Char>
    <Is_Manual_Weight_Indication>false</Is_Manual_Weight_Indication>
    <Printer_Name />
    <Ask_To_User_For_Print_Another_Copy>false</Ask_To_User_For_Print_Another_Copy>
    <Ticket_Print_Set_TopMost>true</Ticket_Print_Set_TopMost>
    <Font_Name>Arial</Font_Name>
    <No_Of_Copy>1</No_Of_Copy>
    <Is_Ticket_Cutting_Line>false</Is_Ticket_Cutting_Line>
    <Is_Logo_Active>false</Is_Logo_Active>
    <Logo_Path />
    <Logo_Top>5</Logo_Top>
    <Logo_Left>10</Logo_Left>
    <Logo_Height>75</Logo_Height>
    <Logo_Width>100</Logo_Width>
    <IsTwo_Copy_In_One_Page>false</IsTwo_Copy_In_One_Page>
    <Is_Print_Entry_Date>true</Is_Print_Entry_Date>
    <Is_Duplicate_Label_On_RePrint>false</Is_Duplicate_Label_On_RePrint>
    <Ask_User_To_Print_Another_Copy>false</Ask_User_To_Print_Another_Copy>
    <Visible_On>1</Visible_On>
  </Net_Print_Setting>
  <Net_Print_Setting>
    <Sr_No>24</Sr_No>
    <Field_Name>Tare_Time</Field_Name>
    <Field_Text>Tare_Time</Field_Text>
    <Ticket_Width>760</Ticket_Width>
    <Heading_Size>13</Heading_Size>
    <Value_Size>22</Value_Size>
    <Ticket_Height>420</Ticket_Height>
    <iTop>105</iTop>
    <iLeft>558</iLeft>
    <Field_Width>143</Field_Width>
    <Field_Height>20</Field_Height>
    <Font_Size>10</Font_Size>
    <IsBold>false</IsBold>
    <IsVisible>true</IsVisible>
    <Text_Align>0</Text_Align>
    <Slip_Top>5</Slip_Top>
    <Slip_Left>5</Slip_Left>
    <Draw_Box>false</Draw_Box>
    <Ticket_Type>0</Ticket_Type>
    <Is_PrePrinted>false</Is_PrePrinted>
    <Total_Char>90</Total_Char>
    <Is_Manual_Weight_Indication>false</Is_Manual_Weight_Indication>
    <Printer_Name />
    <Ask_To_User_For_Print_Another_Copy>false</Ask_To_User_For_Print_Another_Copy>
    <Ticket_Print_Set_TopMost>true</Ticket_Print_Set_TopMost>
    <Font_Name>Arial</Font_Name>
    <No_Of_Copy>1</No_Of_Copy>
    <Is_Ticket_Cutting_Line>false</Is_Ticket_Cutting_Line>
    <Is_Logo_Active>false</Is_Logo_Active>
    <Logo_Path />
    <Logo_Top>5</Logo_Top>
    <Logo_Left>10</Logo_Left>
    <Logo_Height>75</Logo_Height>
    <Logo_Width>100</Logo_Width>
    <IsTwo_Copy_In_One_Page>false</IsTwo_Copy_In_One_Page>
    <Is_Print_Entry_Date>true</Is_Print_Entry_Date>
    <Is_Duplicate_Label_On_RePrint>false</Is_Duplicate_Label_On_RePrint>
    <Ask_User_To_Print_Another_Copy>false</Ask_User_To_Print_Another_Copy>
    <Visible_On>1</Visible_On>
  </Net_Print_Setting>
  <Net_Print_Setting>
    <Sr_No>25</Sr_No>
    <Field_Name>Charges</Field_Name>
    <Field_Text>Charges</Field_Text>
    <Ticket_Width>760</Ticket_Width>
    <Heading_Size>13</Heading_Size>
    <Value_Size>22</Value_Size>
    <Ticket_Height>420</Ticket_Height>
    <iTop>44</iTop>
    <iLeft>377</iLeft>
    <Field_Width>152</Field_Width>
    <Field_Height>20</Field_Height>
    <Font_Size>10</Font_Size>
    <IsBold>false</IsBold>
    <IsVisible>true</IsVisible>
    <Text_Align>0</Text_Align>
    <Slip_Top>5</Slip_Top>
    <Slip_Left>5</Slip_Left>
    <Draw_Box>false</Draw_Box>
    <Ticket_Type>0</Ticket_Type>
    <Is_PrePrinted>false</Is_PrePrinted>
    <Total_Char>90</Total_Char>
    <Is_Manual_Weight_Indication>false</Is_Manual_Weight_Indication>
    <Printer_Name />
    <Ask_To_User_For_Print_Another_Copy>false</Ask_To_User_For_Print_Another_Copy>
    <Ticket_Print_Set_TopMost>true</Ticket_Print_Set_TopMost>
    <Font_Name>Arial</Font_Name>
    <No_Of_Copy>1</No_Of_Copy>
    <Is_Ticket_Cutting_Line>false</Is_Ticket_Cutting_Line>
    <Is_Logo_Active>false</Is_Logo_Active>
    <Logo_Path />
    <Logo_Top>5</Logo_Top>
    <Logo_Left>10</Logo_Left>
    <Logo_Height>75</Logo_Height>
    <Logo_Width>100</Logo_Width>
    <IsTwo_Copy_In_One_Page>false</IsTwo_Copy_In_One_Page>
    <Is_Print_Entry_Date>true</Is_Print_Entry_Date>
    <Is_Duplicate_Label_On_RePrint>false</Is_Duplicate_Label_On_RePrint>
    <Ask_User_To_Print_Another_Copy>false</Ask_User_To_Print_Another_Copy>
    <Visible_On>1</Visible_On>
  </Net_Print_Setting>
  <Net_Print_Setting>
    <Sr_No>26</Sr_No>
    <Field_Name>Signature_Seprater_Line</Field_Name>
    <Field_Text>Signature_Seprater_Line</Field_Text>
    <Ticket_Width>760</Ticket_Width>
    <Heading_Size>13</Heading_Size>
    <Value_Size>22</Value_Size>
    <Ticket_Height>420</Ticket_Height>
    <iTop>400</iTop>
    <iLeft>15</iLeft>
    <Field_Width>730</Field_Width>
    <Field_Height>5</Field_Height>
    <Font_Size>8</Font_Size>
    <IsBold>false</IsBold>
    <IsVisible>false</IsVisible>
    <Text_Align>2</Text_Align>
    <Slip_Top>5</Slip_Top>
    <Slip_Left>5</Slip_Left>
    <Draw_Box>false</Draw_Box>
    <Ticket_Type>0</Ticket_Type>
    <Is_PrePrinted>false</Is_PrePrinted>
    <Total_Char>90</Total_Char>
    <Is_Manual_Weight_Indication>false</Is_Manual_Weight_Indication>
    <Printer_Name />
    <Ask_To_User_For_Print_Another_Copy>false</Ask_To_User_For_Print_Another_Copy>
    <Ticket_Print_Set_TopMost>true</Ticket_Print_Set_TopMost>
    <Font_Name>Courier New</Font_Name>
    <No_Of_Copy>1</No_Of_Copy>
    <Is_Ticket_Cutting_Line>false</Is_Ticket_Cutting_Line>
    <Is_Logo_Active>false</Is_Logo_Active>
    <Logo_Path />
    <Logo_Top>5</Logo_Top>
    <Logo_Left>10</Logo_Left>
    <Logo_Height>75</Logo_Height>
    <Logo_Width>100</Logo_Width>
    <IsTwo_Copy_In_One_Page>false</IsTwo_Copy_In_One_Page>
    <Is_Print_Entry_Date>true</Is_Print_Entry_Date>
    <Is_Duplicate_Label_On_RePrint>false</Is_Duplicate_Label_On_RePrint>
    <Ask_User_To_Print_Another_Copy>false</Ask_User_To_Print_Another_Copy>
    <Visible_On>1</Visible_On>
  </Net_Print_Setting>
  <Net_Print_Setting>
    <Sr_No>27</Sr_No>
    <Field_Name>Operator_sign</Field_Name>
    <Field_Text>Operator_sign</Field_Text>
    <Ticket_Width>760</Ticket_Width>
    <Heading_Size>13</Heading_Size>
    <Value_Size>22</Value_Size>
    <Ticket_Height>420</Ticket_Height>
    <iTop>412</iTop>
    <iLeft>385</iLeft>
    <Field_Width>360</Field_Width>
    <Field_Height>28</Field_Height>
    <Font_Size>12</Font_Size>
    <IsBold>false</IsBold>
    <IsVisible>false</IsVisible>
    <Text_Align>2</Text_Align>
    <Slip_Top>5</Slip_Top>
    <Slip_Left>5</Slip_Left>
    <Draw_Box>false</Draw_Box>
    <Ticket_Type>0</Ticket_Type>
    <Is_PrePrinted>false</Is_PrePrinted>
    <Total_Char>90</Total_Char>
    <Is_Manual_Weight_Indication>false</Is_Manual_Weight_Indication>
    <Printer_Name />
    <Ask_To_User_For_Print_Another_Copy>false</Ask_To_User_For_Print_Another_Copy>
    <Ticket_Print_Set_TopMost>true</Ticket_Print_Set_TopMost>
    <Font_Name>Arial</Font_Name>
    <No_Of_Copy>1</No_Of_Copy>
    <Is_Ticket_Cutting_Line>false</Is_Ticket_Cutting_Line>
    <Is_Logo_Active>false</Is_Logo_Active>
    <Logo_Path />
    <Logo_Top>5</Logo_Top>
    <Logo_Left>10</Logo_Left>
    <Logo_Height>75</Logo_Height>
    <Logo_Width>100</Logo_Width>
    <IsTwo_Copy_In_One_Page>false</IsTwo_Copy_In_One_Page>
    <Is_Print_Entry_Date>true</Is_Print_Entry_Date>
    <Is_Duplicate_Label_On_RePrint>false</Is_Duplicate_Label_On_RePrint>
    <Ask_User_To_Print_Another_Copy>false</Ask_User_To_Print_Another_Copy>
    <Visible_On>1</Visible_On>
  </Net_Print_Setting>
  <Net_Print_Setting>
    <Sr_No>28</Sr_No>
    <Field_Name>PCS</Field_Name>
    <Field_Text>Bags</Field_Text>
    <Ticket_Width>760</Ticket_Width>
    <Heading_Size>13</Heading_Size>
    <Value_Size>22</Value_Size>
    <Ticket_Height>420</Ticket_Height>
    <iTop>65</iTop>
    <iLeft>377</iLeft>
    <Field_Width>360</Field_Width>
    <Field_Height>20</Field_Height>
    <Font_Size>10</Font_Size>
    <IsBold>false</IsBold>
    <IsVisible>true</IsVisible>
    <Text_Align>0</Text_Align>
    <Slip_Top>5</Slip_Top>
    <Slip_Left>5</Slip_Left>
    <Draw_Box>false</Draw_Box>
    <Ticket_Type>0</Ticket_Type>
    <Is_PrePrinted>false</Is_PrePrinted>
    <Total_Char>90</Total_Char>
    <Is_Manual_Weight_Indication>false</Is_Manual_Weight_Indication>
    <Printer_Name />
    <Ask_To_User_For_Print_Another_Copy>false</Ask_To_User_For_Print_Another_Copy>
    <Ticket_Print_Set_TopMost>true</Ticket_Print_Set_TopMost>
    <Font_Name>Arial</Font_Name>
    <No_Of_Copy>1</No_Of_Copy>
    <Is_Ticket_Cutting_Line>false</Is_Ticket_Cutting_Line>
    <Is_Logo_Active>false</Is_Logo_Active>
    <Logo_Path />
    <Logo_Top>5</Logo_Top>
    <Logo_Left>10</Logo_Left>
    <Logo_Height>75</Logo_Height>
    <Logo_Width>100</Logo_Width>
    <IsTwo_Copy_In_One_Page>false</IsTwo_Copy_In_One_Page>
    <Is_Print_Entry_Date>true</Is_Print_Entry_Date>
    <Is_Duplicate_Label_On_RePrint>false</Is_Duplicate_Label_On_RePrint>
    <Ask_User_To_Print_Another_Copy>false</Ask_User_To_Print_Another_Copy>
    <Visible_On>1</Visible_On>
  </Net_Print_Setting>
  <Net_Print_Setting>
    <Sr_No>29</Sr_No>
    <Field_Name>User_Name</Field_Name>
    <Field_Text>User_Name</Field_Text>
    <Ticket_Width>760</Ticket_Width>
    <Heading_Size>13</Heading_Size>
    <Value_Size>22</Value_Size>
    <Ticket_Height>420</Ticket_Height>
    <iTop>412</iTop>
    <iLeft>15</iLeft>
    <Field_Width>360</Field_Width>
    <Field_Height>28</Field_Height>
    <Font_Size>12</Font_Size>
    <IsBold>false</IsBold>
    <IsVisible>false</IsVisible>
    <Text_Align>0</Text_Align>
    <Slip_Top>5</Slip_Top>
    <Slip_Left>5</Slip_Left>
    <Draw_Box>false</Draw_Box>
    <Ticket_Type>0</Ticket_Type>
    <Is_PrePrinted>false</Is_PrePrinted>
    <Total_Char>90</Total_Char>
    <Is_Manual_Weight_Indication>false</Is_Manual_Weight_Indication>
    <Printer_Name />
    <Ask_To_User_For_Print_Another_Copy>false</Ask_To_User_For_Print_Another_Copy>
    <Ticket_Print_Set_TopMost>true</Ticket_Print_Set_TopMost>
    <Font_Name>Arial</Font_Name>
    <No_Of_Copy>1</No_Of_Copy>
    <Is_Ticket_Cutting_Line>false</Is_Ticket_Cutting_Line>
    <Is_Logo_Active>false</Is_Logo_Active>
    <Logo_Path />
    <Logo_Top>5</Logo_Top>
    <Logo_Left>10</Logo_Left>
    <Logo_Height>75</Logo_Height>
    <Logo_Width>100</Logo_Width>
    <IsTwo_Copy_In_One_Page>false</IsTwo_Copy_In_One_Page>
    <Is_Print_Entry_Date>true</Is_Print_Entry_Date>
    <Is_Duplicate_Label_On_RePrint>false</Is_Duplicate_Label_On_RePrint>
    <Ask_User_To_Print_Another_Copy>false</Ask_User_To_Print_Another_Copy>
    <Visible_On>1</Visible_On>
  </Net_Print_Setting>
  <Net_Print_Setting>
    <Sr_No>30</Sr_No>
    <Field_Name>Footer_Detail</Field_Name>
    <Field_Text>S. Bansal Dharamkanta</Field_Text>
    <Ticket_Width>760</Ticket_Width>
    <Heading_Size>13</Heading_Size>
    <Value_Size>22</Value_Size>
    <Ticket_Height>420</Ticket_Height>
    <iTop>141</iTop>
    <iLeft>377</iLeft>
    <Field_Width>261</Field_Width>
    <Field_Height>23</Field_Height>
    <Font_Size>10</Font_Size>
    <IsBold>false</IsBold>
    <IsVisible>true</IsVisible>
    <Text_Align>1</Text_Align>
    <Slip_Top>5</Slip_Top>
    <Slip_Left>5</Slip_Left>
    <Draw_Box>false</Draw_Box>
    <Ticket_Type>0</Ticket_Type>
    <Is_PrePrinted>false</Is_PrePrinted>
    <Total_Char>90</Total_Char>
    <Is_Manual_Weight_Indication>false</Is_Manual_Weight_Indication>
    <Printer_Name />
    <Ask_To_User_For_Print_Another_Copy>false</Ask_To_User_For_Print_Another_Copy>
    <Ticket_Print_Set_TopMost>true</Ticket_Print_Set_TopMost>
    <Font_Name>Arial</Font_Name>
    <No_Of_Copy>1</No_Of_Copy>
    <Is_Ticket_Cutting_Line>false</Is_Ticket_Cutting_Line>
    <Is_Logo_Active>false</Is_Logo_Active>
    <Logo_Path />
    <Logo_Top>5</Logo_Top>
    <Logo_Left>10</Logo_Left>
    <Logo_Height>75</Logo_Height>
    <Logo_Width>100</Logo_Width>
    <IsTwo_Copy_In_One_Page>false</IsTwo_Copy_In_One_Page>
    <Is_Print_Entry_Date>true</Is_Print_Entry_Date>
    <Is_Duplicate_Label_On_RePrint>false</Is_Duplicate_Label_On_RePrint>
    <Ask_User_To_Print_Another_Copy>false</Ask_User_To_Print_Another_Copy>
    <Visible_On>1</Visible_On>
  </Net_Print_Setting>
  <Net_Print_Setting>
    <Sr_No>31</Sr_No>
    <Field_Name>Extra1</Field_Name>
    <Field_Text>Extra1</Field_Text>
    <Ticket_Width>760</Ticket_Width>
    <Heading_Size>13</Heading_Size>
    <Value_Size>22</Value_Size>
    <Ticket_Height>420</Ticket_Height>
    <iTop>480</iTop>
    <iLeft>15</iLeft>
    <Field_Width>360</Field_Width>
    <Field_Height>28</Field_Height>
    <Font_Size>12</Font_Size>
    <IsBold>false</IsBold>
    <IsVisible>false</IsVisible>
    <Text_Align>0</Text_Align>
    <Slip_Top>5</Slip_Top>
    <Slip_Left>5</Slip_Left>
    <Draw_Box>false</Draw_Box>
    <Ticket_Type>0</Ticket_Type>
    <Is_PrePrinted>false</Is_PrePrinted>
    <Total_Char>90</Total_Char>
    <Is_Manual_Weight_Indication>false</Is_Manual_Weight_Indication>
    <Printer_Name />
    <Ask_To_User_For_Print_Another_Copy>false</Ask_To_User_For_Print_Another_Copy>
    <Ticket_Print_Set_TopMost>true</Ticket_Print_Set_TopMost>
    <Font_Name>Arial</Font_Name>
    <No_Of_Copy>1</No_Of_Copy>
    <Is_Ticket_Cutting_Line>false</Is_Ticket_Cutting_Line>
    <Is_Logo_Active>false</Is_Logo_Active>
    <Logo_Path />
    <Logo_Top>5</Logo_Top>
    <Logo_Left>10</Logo_Left>
    <Logo_Height>75</Logo_Height>
    <Logo_Width>100</Logo_Width>
    <IsTwo_Copy_In_One_Page>false</IsTwo_Copy_In_One_Page>
    <Is_Print_Entry_Date>true</Is_Print_Entry_Date>
    <Is_Duplicate_Label_On_RePrint>false</Is_Duplicate_Label_On_RePrint>
    <Ask_User_To_Print_Another_Copy>false</Ask_User_To_Print_Another_Copy>
    <Visible_On>1</Visible_On>
  </Net_Print_Setting>
  <Net_Print_Setting>
    <Sr_No>32</Sr_No>
    <Field_Name>Extra2</Field_Name>
    <Field_Text>Extra2</Field_Text>
    <Ticket_Width>760</Ticket_Width>
    <Heading_Size>13</Heading_Size>
    <Value_Size>22</Value_Size>
    <Ticket_Height>420</Ticket_Height>
    <iTop>514</iTop>
    <iLeft>15</iLeft>
    <Field_Width>360</Field_Width>
    <Field_Height>28</Field_Height>
    <Font_Size>12</Font_Size>
    <IsBold>false</IsBold>
    <IsVisible>false</IsVisible>
    <Text_Align>0</Text_Align>
    <Slip_Top>5</Slip_Top>
    <Slip_Left>5</Slip_Left>
    <Draw_Box>false</Draw_Box>
    <Ticket_Type>0</Ticket_Type>
    <Is_PrePrinted>false</Is_PrePrinted>
    <Total_Char>90</Total_Char>
    <Is_Manual_Weight_Indication>false</Is_Manual_Weight_Indication>
    <Printer_Name />
    <Ask_To_User_For_Print_Another_Copy>false</Ask_To_User_For_Print_Another_Copy>
    <Ticket_Print_Set_TopMost>true</Ticket_Print_Set_TopMost>
    <Font_Name>Arial</Font_Name>
    <No_Of_Copy>1</No_Of_Copy>
    <Is_Ticket_Cutting_Line>false</Is_Ticket_Cutting_Line>
    <Is_Logo_Active>false</Is_Logo_Active>
    <Logo_Path />
    <Logo_Top>5</Logo_Top>
    <Logo_Left>10</Logo_Left>
    <Logo_Height>75</Logo_Height>
    <Logo_Width>100</Logo_Width>
    <IsTwo_Copy_In_One_Page>false</IsTwo_Copy_In_One_Page>
    <Is_Print_Entry_Date>true</Is_Print_Entry_Date>
    <Is_Duplicate_Label_On_RePrint>false</Is_Duplicate_Label_On_RePrint>
    <Ask_User_To_Print_Another_Copy>false</Ask_User_To_Print_Another_Copy>
    <Visible_On>1</Visible_On>
  </Net_Print_Setting>
  <Net_Print_Setting>
    <Sr_No>33</Sr_No>
    <Field_Name>Extra3</Field_Name>
    <Field_Text>Extra3</Field_Text>
    <Ticket_Width>760</Ticket_Width>
    <Heading_Size>13</Heading_Size>
    <Value_Size>22</Value_Size>
    <Ticket_Height>420</Ticket_Height>
    <iTop>480</iTop>
    <iLeft>385</iLeft>
    <Field_Width>360</Field_Width>
    <Field_Height>28</Field_Height>
    <Font_Size>12</Font_Size>
    <IsBold>false</IsBold>
    <IsVisible>false</IsVisible>
    <Text_Align>0</Text_Align>
    <Slip_Top>5</Slip_Top>
    <Slip_Left>5</Slip_Left>
    <Draw_Box>false</Draw_Box>
    <Ticket_Type>0</Ticket_Type>
    <Is_PrePrinted>false</Is_PrePrinted>
    <Total_Char>90</Total_Char>
    <Is_Manual_Weight_Indication>false</Is_Manual_Weight_Indication>
    <Printer_Name />
    <Ask_To_User_For_Print_Another_Copy>false</Ask_To_User_For_Print_Another_Copy>
    <Ticket_Print_Set_TopMost>true</Ticket_Print_Set_TopMost>
    <Font_Name>Arial</Font_Name>
    <No_Of_Copy>1</No_Of_Copy>
    <Is_Ticket_Cutting_Line>false</Is_Ticket_Cutting_Line>
    <Is_Logo_Active>false</Is_Logo_Active>
    <Logo_Path />
    <Logo_Top>5</Logo_Top>
    <Logo_Left>10</Logo_Left>
    <Logo_Height>75</Logo_Height>
    <Logo_Width>100</Logo_Width>
    <IsTwo_Copy_In_One_Page>false</IsTwo_Copy_In_One_Page>
    <Is_Print_Entry_Date>true</Is_Print_Entry_Date>
    <Is_Duplicate_Label_On_RePrint>false</Is_Duplicate_Label_On_RePrint>
    <Ask_User_To_Print_Another_Copy>false</Ask_User_To_Print_Another_Copy>
    <Visible_On>1</Visible_On>
  </Net_Print_Setting>
  <Net_Print_Setting>
    <Sr_No>34</Sr_No>
    <Field_Name>Extra4</Field_Name>
    <Field_Text>Extra4</Field_Text>
    <Ticket_Width>760</Ticket_Width>
    <Heading_Size>13</Heading_Size>
    <Value_Size>22</Value_Size>
    <Ticket_Height>420</Ticket_Height>
    <iTop>514</iTop>
    <iLeft>385</iLeft>
    <Field_Width>360</Field_Width>
    <Field_Height>28</Field_Height>
    <Font_Size>12</Font_Size>
    <IsBold>false</IsBold>
    <IsVisible>false</IsVisible>
    <Text_Align>0</Text_Align>
    <Slip_Top>5</Slip_Top>
    <Slip_Left>5</Slip_Left>
    <Draw_Box>false</Draw_Box>
    <Ticket_Type>0</Ticket_Type>
    <Is_PrePrinted>false</Is_PrePrinted>
    <Total_Char>90</Total_Char>
    <Is_Manual_Weight_Indication>false</Is_Manual_Weight_Indication>
    <Printer_Name />
    <Ask_To_User_For_Print_Another_Copy>false</Ask_To_User_For_Print_Another_Copy>
    <Ticket_Print_Set_TopMost>true</Ticket_Print_Set_TopMost>
    <Font_Name>Arial</Font_Name>
    <No_Of_Copy>1</No_Of_Copy>
    <Is_Ticket_Cutting_Line>false</Is_Ticket_Cutting_Line>
    <Is_Logo_Active>false</Is_Logo_Active>
    <Logo_Path />
    <Logo_Top>5</Logo_Top>
    <Logo_Left>10</Logo_Left>
    <Logo_Height>75</Logo_Height>
    <Logo_Width>100</Logo_Width>
    <IsTwo_Copy_In_One_Page>false</IsTwo_Copy_In_One_Page>
    <Is_Print_Entry_Date>true</Is_Print_Entry_Date>
    <Is_Duplicate_Label_On_RePrint>false</Is_Duplicate_Label_On_RePrint>
    <Ask_User_To_Print_Another_Copy>false</Ask_User_To_Print_Another_Copy>
    <Visible_On>1</Visible_On>
  </Net_Print_Setting>
  <Net_Print_Setting>
    <Sr_No>35</Sr_No>
    <Field_Name>PaymentMode</Field_Name>
    <Field_Text>Mode</Field_Text>
    <Ticket_Width>760</Ticket_Width>
    <Heading_Size>13</Heading_Size>
    <Value_Size>22</Value_Size>
    <Ticket_Height>420</Ticket_Height>
    <iTop>44</iTop>
    <iLeft>538</iLeft>
    <Field_Width>110</Field_Width>
    <Field_Height>20</Field_Height>
    <Font_Size>10</Font_Size>
    <IsBold>false</IsBold>
    <IsVisible>true</IsVisible>
    <Text_Align>0</Text_Align>
    <Slip_Top>5</Slip_Top>
    <Slip_Left>5</Slip_Left>
    <Draw_Box>false</Draw_Box>
    <Ticket_Type>0</Ticket_Type>
    <Is_PrePrinted>false</Is_PrePrinted>
    <Total_Char>90</Total_Char>
    <Is_Manual_Weight_Indication>false</Is_Manual_Weight_Indication>
    <Printer_Name />
    <Ask_To_User_For_Print_Another_Copy>false</Ask_To_User_For_Print_Another_Copy>
    <Ticket_Print_Set_TopMost>true</Ticket_Print_Set_TopMost>
    <Font_Name>Arial</Font_Name>
    <No_Of_Copy>1</No_Of_Copy>
    <Is_Ticket_Cutting_Line>false</Is_Ticket_Cutting_Line>
    <Is_Logo_Active>false</Is_Logo_Active>
    <Logo_Path />
    <Logo_Top>5</Logo_Top>
    <Logo_Left>10</Logo_Left>
    <Logo_Height>75</Logo_Height>
    <Logo_Width>100</Logo_Width>
    <IsTwo_Copy_In_One_Page>false</IsTwo_Copy_In_One_Page>
    <Is_Print_Entry_Date>true</Is_Print_Entry_Date>
    <Is_Duplicate_Label_On_RePrint>false</Is_Duplicate_Label_On_RePrint>
    <Ask_User_To_Print_Another_Copy>false</Ask_User_To_Print_Another_Copy>
    <Visible_On>1</Visible_On>
  </Net_Print_Setting>
</NewDataSet>